cod_inep,nome_escola,municipio,latitude,longitude,idebes,ama_nu_acerto,ama_nu_total,ama_tx_acerto,olimpiada,participante,regional
32000057,EEEFM SEBASTIAO COIMBRA ELIZEU,ÁGUA DOCE DO NORTE,-18.550061,-40.9775337,4.6,3167.0,6800.0,46.5735294117647,6.791666666666667,1,SRE Barra de São Francisco
32000480,EEEFM OLEGARIO MARTINS,ÁGUA DOCE DO NORTE,-18.41686,-41.12352,4.3,569.0,1500.0,37.93333333333333,6.25,0,SRE Barra de São Francisco
32000499,EEEFM DERMEVAL LEITE RIBEIRO,ÁGUA DOCE DO NORTE,-18.4163464,-41.0317018,3.9,1457.0,2820.0,51.66666666666666,8.133333333333333,0,SRE Barra de São Francisco
32000979,EEEFM GOVERNADOR LINDENBERG,BARRA DE SÃO FRANCISCO,-18.749677,-40.8936694,4.5,4481.0,11600.0,38.62931034482759,4.297297297297297,1,SRE Barra de São Francisco
32000987,CEEFMTI JOAO XXIII,BARRA DE SÃO FRANCISCO,-18.7559555,-40.8981092,5.1,5131.0,9800.0,52.35714285714285,5.32,0,SRE Barra de São Francisco
32001592,EEEF ITA,BARRA DE SÃO FRANCISCO,-18.6281014,-40.8690404,0.0,374.0,560.0,66.78571428571429,0.0,1,SRE Barra de São Francisco
32001606,EEEFM ALADIM SILVESTRE DE ALMEIDA,BARRA DE SÃO FRANCISCO,-18.5854224,-40.8870801,4.2,1366.0,2960.0,46.148648648648646,4.125,0,SRE Barra de São Francisco
32001916,EEEFM PROFESSORA ASCENDINA FEITOSA,BARRA DE SÃO FRANCISCO,-18.6638191,-40.7956295,4.2,2231.0,4380.0,50.93607305936073,5.5,0,SRE Barra de São Francisco
32002408,EEEF FRANCISCO LOURENCO ANDRADE,BARRA DE SÃO FRANCISCO,-18.8375065,-40.7813388,0.0,221.0,460.0,48.04347826086956,0.0,0,SRE Barra de São Francisco
32002939,CEEFMTI DANIEL COMBONI,ECOPORANGA,-18.3690006,-40.8297716,5.3,1745.0,3920.0,44.515306122448976,6.142857142857143,1,SRE Barra de São Francisco
32002971,EEEF PATRIMONIO PRATA DOS BAIANOS,ECOPORANGA,-18.3398578,-41.0053061,0.0,164.0,340.0,48.23529411764706,0.0,0,SRE Barra de São Francisco
32002998,EEEF SANTA TEREZINHA,ECOPORANGA,-18.4925603,-40.8116254,0.0,545.0,940.0,57.97872340425532,0.0,0,SRE Barra de São Francisco
32003005,EEEFM ECOPORANGA,ECOPORANGA,-18.3724884,-40.8346091,4.3,6408.0,13200.0,48.54545454545455,7.714285714285714,0,SRE Barra de São Francisco
32003498,EEEF COTAXE,ECOPORANGA,-18.1822849,-40.7171046,0.0,503.0,760.0,66.1842105263158,0.0,0,SRE Barra de São Francisco
32003595,EEEFM JOSE TEIXEIRA FIALHO,ECOPORANGA,-18.2833315,-40.706274,4.7,1212.0,2260.0,53.6283185840708,8.5,0,SRE Barra de São Francisco
32003790,EEEFM DE JOASSUBA SR ANTONIO PATRICIO DE FONTOURA,ECOPORANGA,-18.3735458,-40.8321387,4.7,1257.0,2980.0,42.18120805369127,5.333333333333333,1,SRE Barra de São Francisco
32004273,EEEFM CHRISTIANO DIAS LOPES,MANTENÓPOLIS,-18.8650174,-41.1251277,5.2,3397.0,6700.0,50.70149253731344,7.272727272727272,0,SRE Barra de São Francisco
32004303,EEEFM JOB PIMENTEL,MANTENÓPOLIS,-18.8599755,-41.1196113,6.0,1800.0,4000.0,45.0,4.65,0,SRE Barra de São Francisco
32004532,EEEFM PALMERINDO VIEIRA CAMPOS,MANTENÓPOLIS,-18.8890299,-41.0157613,4.6,1048.0,2320.0,45.172413793103445,6.25,1,SRE Barra de São Francisco
32005067,CEIER DE AGUIA BRANCA,ÁGUIA BRANCA,-19.0164403,-40.6522987,6.0,1658.0,3200.0,51.8125,5.2,0,SRE Barra de São Francisco
32005105,EEEFM PROFESSORA ANA MARIA CARLETTI QUIUQUI,ÁGUIA BRANCA,-18.9852129,-40.7405355,4.6,2950.0,6440.0,45.807453416149066,4.475,0,SRE Barra de São Francisco
32005601,CEIER DE BOA ESPERANCA,BOA ESPERANÇA,-18.5381475,-40.2727633,4.7,1365.0,3120.0,43.75,4.625,0,SRE Nova Venécia
32005652,EEEFM ANTONIO DOS SANTOS NEVES,BOA ESPERANÇA,-18.5409241,-40.2984396,5.2,3301.0,7480.0,44.13101604278075,5.0,1,SRE Nova Venécia
32005954,EEEFM SOBRADINHO,BOA ESPERANÇA,-18.428827,-40.3871896,5.0,2463.0,3660.0,67.29508196721312,4.545454545454546,0,SRE Nova Venécia
32006292,EEEFM PADRE JOSIMO,NOVA VENÉCIA,-18.711605,-40.5363499,0.0,76.0,120.0,63.333333333333336,0.0,0,SRE Nova Venécia
32006330,EEEFM PROF ANA PORTELA DE SA,VILA PAVÃO,-18.6188245,-40.5992,5.1,1914.0,3620.0,52.87292817679558,4.857142857142857,1,SRE Nova Venécia
32006330,EEEFM PROF ANA PORTELA DE SA,VILA PAVÃO,-18.6188245,-40.5992,5.1,1914.0,3620.0,52.87292817679558,5.625,1,SRE Nova Venécia
32006349,EEEM DOM DANIEL COMBONI,NOVA VENÉCIA,-18.7131139,-40.3985205,5.4,10447.0,19080.0,54.75366876310272,6.538461538461538,0,SRE Nova Venécia
32007000,CEIER DE VILA PAVAO,VILA PAVÃO,-18.648928,-40.6139788,4.9,1184.0,2620.0,45.19083969465649,0.0,0,SRE Nova Venécia
32007175,EEEFM ALARICO JOSE DE LIMA,NOVA VENÉCIA,-18.8316865,-40.7155985,4.6,1709.0,3460.0,49.39306358381503,5.555555555555555,0,SRE Nova Venécia
32007485,EEPEF FAZENDA JACUTINGA,NOVA VENÉCIA,-18.4224292,-40.5206302,0.0,10.0,20.0,50.0,0.0,0,SRE Nova Venécia
32007515,EEEFM JOSE ZAMPROGNO,NOVA VENÉCIA,-18.4951432,-40.4662915,4.4,1338.0,2400.0,55.75,4.714285714285714,1,SRE Nova Venécia
32007744,EEEFM JOSE ANTONIO DA SILVA ONOFRE,NOVA VENÉCIA,-18.9203061,-40.6009942,0.0,104.0,200.0,52.0,0.0,1,SRE Nova Venécia
32007779,EEUEF VALDIVINO GROONER,SÃO GABRIEL DA PALHA,-18.9908478,-40.4769815,0.0,160.0,200.0,80.0,0.0,0,SRE Nova Venécia
32007876,CEEFMTI GOVERNADOR GERSON CAMATA,SÃO GABRIEL DA PALHA,-19.0120073,-40.5351728,5.0,2254.0,4620.0,48.78787878787879,5.3125,1,SRE Nova Venécia
32007965,EEUEF CORREGO BLEY,SÃO GABRIEL DA PALHA,-19.0144984,-40.4733219,0.0,147.0,160.0,91.875,0.0,0,SRE Nova Venécia
32007973,EEUEF CORREGO COMPRIDO,SÃO GABRIEL DA PALHA,-19.0285478,-40.511158,0.0,43.0,60.0,71.66666666666667,0.0,0,SRE Nova Venécia
32007981,EEEFM CORREGO DA LAPA,SÃO GABRIEL DA PALHA,-18.9188735,-40.5633134,0.0,182.0,260.0,70.0,0.0,0,SRE Nova Venécia
32008007,EEEF CORREGO DAS ARARAS,SÃO GABRIEL DA PALHA,-18.9779477,-40.4918862,0.0,51.0,60.0,85.0,0.0,0,SRE Nova Venécia
32008066,EEEF FAZENDA SUAVE,SÃO GABRIEL DA PALHA,-18.9899472,-40.572126,0.0,73.0,80.0,91.25,0.0,0,SRE Nova Venécia
32008104,EEEFM SAO JOAO BATISTA,SÃO GABRIEL DA PALHA,-19.0025291,-40.4921216,0.0,107.0,120.0,89.16666666666667,0.0,1,SRE Nova Venécia
32008112,EEUEF SAO SALVADOR,SÃO GABRIEL DA PALHA,-19.0470806,-40.4917005,0.0,78.0,100.0,78.0,0.0,0,SRE Nova Venécia
32008198,EEUEF CORREGO IRACEMA,SÃO GABRIEL DA PALHA,-18.858756,-40.4087865,0.0,18.0,20.0,90.0,0.0,0,SRE Nova Venécia
32008201,EEEFM FAZENDA LOVO,SÃO GABRIEL DA PALHA,-18.9454182,-40.4848058,0.0,24.0,40.0,60.0,0.0,1,SRE Nova Venécia
32008236,EEEFM VERA CRUZ,SÃO GABRIEL DA PALHA,-18.9038819,-40.4480899,5.0,1121.0,2320.0,48.31896551724138,5.666666666666667,0,SRE Nova Venécia
32008317,EEUEF FAZENDA DOBROWOLSKY,SÃO GABRIEL DA PALHA,-18.8848851,-40.4275853,0.0,0.0,0.0,0.0,0.0,0,SRE Nova Venécia
32008473,EEEF CORREGO QUEIXADA,SÃO GABRIEL DA PALHA,-18.9447515,-40.4201737,0.0,339.0,580.0,58.44827586206897,0.0,1,SRE Nova Venécia
32008481,EEEF VALERIO,VILA VALÉRIO,-19.0019653,-40.3873268,0.0,1558.0,2000.0,77.9,0.0,1,SRE Nova Venécia
32008503,EEEFM ATILIO VIVACQUA,VILA VALÉRIO,-18.9986347,-40.3916761,5.0,5662.0,8900.0,63.61797752808989,5.863636363636363,0,SRE Nova Venécia
32008520,EEUEF ALTO VALERIO,VILA VALÉRIO,-18.9591555,-40.3759697,0.0,71.0,120.0,59.16666666666666,0.0,0,SRE Nova Venécia
32008627,EEUEF DUAS BARRAS,SÃO GABRIEL DA PALHA,-18.9247093,-40.382072,0.0,70.0,80.0,87.5,0.0,0,SRE Nova Venécia
32008651,EEEF FAZENDA SAO GERALDO,VILA VALÉRIO,-18.9715933,-40.409164,0.0,0.0,0.0,0.0,0.0,0,SRE Nova Venécia
32009038,EEEFM PASTOR ANTONIO NUNES DE CARVALHO,ALTO RIO NOVO,-19.0572609,-41.0184836,4.9,4231.0,8400.0,50.36904761904762,4.4375,0,SRE Colatina
32009402,EEEFM DR JONES DOS SANTOS NEVES,BAIXO GUANDU,-19.5075163,-41.0242203,0.0,922.0,2040.0,45.19607843137255,0.0,0,SRE Colatina
32009461,EEEFM JOSE DAMASCENO FILHO,BAIXO GUANDU,-19.5099286,-41.0192887,4.3,2992.0,7720.0,38.75647668393783,6.6,0,SRE Colatina
32010303,CEEJA PEDRO ANTONIO VITALI,COLATINA,-19.5427109,-40.63697755,0.0,0.0,0.0,0.0,0.0,0,SRE Colatina
32010699,EEEFM PROFESSORA NEA MONTEIRO COSTA,COLATINA,-19.5279957,-40.6624371,5.2,3856.0,7940.0,48.56423173803527,6.307692307692308,1,SRE Colatina
32010702,CEEFMTI CONDE DE LINHARES,COLATINA,-19.5336904,-40.6268822,5.5,2868.0,5700.0,50.31578947368421,5.916666666666667,1,SRE Colatina
32010710,EEEFM GERALDO VARGAS NOGUEIRA,COLATINA,-19.5273155,-40.6319705,4.7,8318.0,16880.0,49.27725118483412,5.416666666666667,1,SRE Colatina
32010729,EEEFM HONORIO FRAGA,COLATINA,-19.5225188,-40.6363102,5.4,6751.0,13060.0,51.69218989280245,4.530054644808743,0,SRE Colatina
32010745,EEEFM PROF CAROLINA PICHLER,COLATINA,-19.5197413,-40.6474073,5.5,978.0,1860.0,52.58064516129032,4.857142857142857,0,SRE Colatina
32010753,EEEFM RUBENS RANGEL,COLATINA,-19.53849939,-40.63441309,5.0,4885.0,10800.0,45.23148148148148,6.447368421052632,0,SRE Colatina
32011709,EEEF DR MOACIR AVIDOS,GOVERNADOR LINDENBERG,-19.2358175,-40.5114522,0.0,1128.0,2320.0,48.62068965517241,0.0,0,SRE Colatina
32011717,EEEFM PROFESSOR SANTOS PINTO,GOVERNADOR LINDENBERG,-19.2528618,-40.4624846,4.7,2092.0,4960.0,42.17741935483871,5.052631578947368,0,SRE Colatina
32012420,EEEFM IRINEU MORELLO,GOVERNADOR LINDENBERG,-19.1415206,-40.4670826,5.8,1665.0,2980.0,55.87248322147651,5.75,0,SRE Colatina
32012438,EEEFM PROF CARLOS MENDES,GOVERNADOR LINDENBERG,-19.2250131,-40.5932777,4.7,1868.0,2920.0,63.97260273972603,3.733333333333333,0,SRE Colatina
32012713,EEEFM PADRE ANTONIO VOLKERS,MARILÂNDIA,-19.4101631,-40.543951,4.5,3847.0,8480.0,45.365566037735846,4.9,0,SRE Colatina
32013272,EEEFM ARARIBOIA,PANCAS,-19.2213903,-40.8535563,4.6,1367.0,3560.0,38.39887640449438,4.315789473684211,0,SRE Colatina
32013728,EEEFM SEBASTIANA GRILO,PANCAS,-19.1616831,-40.7729622,4.4,2561.0,5540.0,46.227436823104696,5.928571428571429,0,SRE Colatina
32013906,EEEFM JANUARIO RIBEIRO,PANCAS,-18.9729683,-40.8773477,4.4,1905.0,3580.0,53.212290502793294,3.947368421052632,0,SRE Colatina
32014236,EEEFM SAO DOMINGOS,SÃO DOMINGOS DO NORTE,-19.1472732,-40.622489,4.4,2514.0,5800.0,43.3448275862069,5.225806451612903,0,SRE Colatina
32014597,EEEFM DOM JOSE DALVIT,MONTANHA,-18.1266536,-40.3660489,4.4,2716.0,7160.0,37.93296089385475,5.03125,0,SRE Nova Venécia
32014627,CEEFMTI PROFESSOR ELPIDIO CAMPOS DE OLIVEIRA,MONTANHA,-18.1265465,-40.361787,4.5,1708.0,3420.0,49.941520467836256,4.538461538461538,0,SRE Nova Venécia
32014708,EEEFM BELA VISTA,MONTANHA,-18.209256,-40.2452788,0.0,57.0,80.0,71.25,0.0,1,SRE Nova Venécia
32014724,EEPEF FRANCISCO DOMINGOS RAMOS,MONTANHA,-18.2037532,-40.1323446,0.0,33.0,40.0,82.5,0.0,1,SRE Nova Venécia
32014775,EEEFM PADRE MANOEL DA NOBREGA,MONTANHA,-18.1960148,-40.2651617,4.0,842.0,2200.0,38.27272727272727,0.0,0,SRE Nova Venécia
32015070,EEEFM PROF MARIA MAGDALENA DA SILVA,PONTO BELO,-18.1285429,-40.5386399,4.6,4644.0,7460.0,62.25201072386059,4.454545454545454,0,SRE Nova Venécia
32015089,EEEFM DE MUCURICI,MUCURICI,-18.096572,-40.5215843,4.6,1951.0,4640.0,42.047413793103445,4.714285714285714,1,SRE Nova Venécia
32015496,EEEFM MARGEM DO ITAUNINHAS,PINHEIROS,-18.3992513,-40.2552422,0.0,311.0,680.0,45.73529411764706,0.0,1,SRE Nova Venécia
32015550,EEEFM SAO JOAO DO SOBRADO,PINHEIROS,-18.3183176,-40.4050936,4.7,2343.0,3980.0,58.86934673366834,5.3,1,SRE Nova Venécia
32015631,EEEM NOSSA SENHORA DE LOURDES,PINHEIROS,-18.410439,-40.2119883,4.7,5146.0,10940.0,47.03839122486289,4.055555555555555,0,SRE Nova Venécia
32016158,EEEM PROF JOAQUIM FONSECA,CONCEIÇÃO DA BARRA,-18.5945404,-39.7304975,5.0,5148.0,7760.0,66.34020618556701,5.545454545454546,0,SRE São Mateus
32016352,EEEF ASSENTAMENTO UNIAO,CONCEIÇÃO DA BARRA,-18.3934384,-39.9143154,0.0,439.0,760.0,57.76315789473684,2.5,0,SRE São Mateus
32016387,EEEFM JOSE CARLOS CASTRO,CONCEIÇÃO DA BARRA,-18.4319842,-39.9304766,4.7,4307.0,9040.0,47.64380530973451,0.0,1,SRE São Mateus
32016441,EEPEF SAO BENEDITO,CONCEIÇÃO DA BARRA,-18.3876193,-39.8011941,0.0,51.0,120.0,42.5,0.0,0,SRE São Mateus
32016506,EEEFM CORREGO DO CEDRO,CONCEIÇÃO DA BARRA,-18.36591,-39.78859,0.0,530.0,720.0,73.61111111111111,0.0,1,SRE São Mateus
32016573,EEEFM XIII DE SETEMBRO,SÃO MATEUS,-18.81012167,-40.000065,0.0,586.0,760.0,77.10526315789474,0.0,0,SRE São Mateus
32016662,EEEFM IRMA TEREZA ALTOE,JAGUARÉ,-18.9119032,-40.0773279,3.9,4144.0,8820.0,46.98412698412698,2.8461538461538463,0,SRE São Mateus
32016700,EEEM PEDRO PAULO GROBERIO,JAGUARÉ,-18.9066645,-40.0734977,5.1,6081.0,12440.0,48.88263665594855,5.795454545454546,0,SRE São Mateus
32017243,EEEFM DR EDWARD ABREU DO NASCIMENTO,PEDRO CANÁRIO,-18.2959021,-39.9589193,4.8,4283.0,9540.0,44.895178197064986,4.622222222222222,0,SRE São Mateus
32017286,EEEF PEDRO CANARIO RIBEIRO,PEDRO CANÁRIO,-18.2936891,-39.9515915,0.0,1802.0,4440.0,40.585585585585584,0.0,0,SRE São Mateus
32017316,EEEF TRES DE MAIO,PEDRO CANÁRIO,-18.2219911,-40.0565615,0.0,796.0,1200.0,66.33333333333333,0.0,1,SRE São Mateus
32017391,CEEFMTI MANOEL DUARTE DA CUNHA,PEDRO CANÁRIO,-18.2974642,-39.9497569,5.2,2166.0,4240.0,51.08490566037736,6.0,0,SRE São Mateus
32017529,EEEFM PROF LUIZA BASTOS FARIA,PEDRO CANÁRIO,-18.0880829,-40.1076474,6.2,2345.0,4120.0,56.91747572815534,6.181818181818182,0,SRE São Mateus
32017952,EEEFM AMERICO SILVARES,SÃO MATEUS,-18.7191807,-39.8730299,0.0,1434.0,2680.0,53.507462686567166,0.0,1,SRE São Mateus
32017995,EEEFM DR EMILIO ROBERTO ZANOTTI,SÃO MATEUS,-18.71815,-39.85921,4.9,4332.0,7560.0,57.3015873015873,4.354838709677419,1,SRE São Mateus
32018045,EEEF EGIDIO BORDONI,SÃO MATEUS,-18.7281127,-39.8610926,0.0,2060.0,2400.0,85.83333333333333,0.0,0,SRE São Mateus
32018061,EEEFM PIO XII,SÃO MATEUS,-18.7154237,-39.8510161,0.0,1542.0,2900.0,53.172413793103445,5.666666666666667,0,SRE São Mateus
32018096,EEEFM SANTO ANTONIO,SÃO MATEUS,-18.7211407,-39.8804851,4.9,7028.0,14700.0,47.80952380952381,5.693333333333333,0,SRE São Mateus
32018100,CEEFMTI MARITA MOTTA SANTOS,SÃO MATEUS,-18.7187709,-39.8595722,5.1,3014.0,5360.0,56.23134328358209,5.3,0,SRE São Mateus
32018169,EEEM CECILIANO ABEL DE ALMEIDA,SÃO MATEUS,-18.7158918,-39.8564812,4.6,15216.0,24460.0,62.20768601798855,4.932773109243698,0,SRE São Mateus
32019050,EEEFM CORREGO DE SANTA MARIA,SÃO MATEUS,-18.5788948,-40.1429571,4.6,2327.0,4760.0,48.88655462184874,5.5,0,SRE São Mateus
32019270,EEEF 27 DE OUTUBRO,SÃO MATEUS,-18.7757998,-40.2166009,0.0,472.0,720.0,65.55555555555556,6.0,1,SRE São Mateus
32019343,EEPEF PADRE EZEQUIEL,SÃO MATEUS,-18.7479661,-40.2388343,0.0,35.0,80.0,43.75,0.0,0,SRE São Mateus
32019378,EEPEF VALE DA VITORIA,SÃO MATEUS,-18.7576407,-40.2112407,0.0,161.0,420.0,38.333333333333336,0.0,0,SRE São Mateus
32019459,EEEFM NESTOR GOMES,SÃO MATEUS,-18.7330585,-40.2210233,4.8,4362.0,10940.0,39.87202925045704,5.0,0,SRE São Mateus
32019807,CEEMTI MONSENHOR GUILHERME SCHMITZ,ARACRUZ,-19.8218743,-40.2829456,5.6,9664.0,13060.0,73.9969372128637,4.743589743589744,0,SRE Linhares
32020023,EEEFM PROFESSOR APARICIO ALVARENGA,ARACRUZ,-19.6781495,-40.2607628,4.2,2429.0,6080.0,39.95065789473684,3.75,0,SRE Linhares
32020180,EEEFM DYLIO PENEDO,ARACRUZ,-19.58777,-40.19402,4.4,2194.0,5880.0,37.31292517006803,6.25,0,SRE Linhares
32020333,EEEFM ERMENTINA LEAL,ARACRUZ,-19.7460028,-40.0406267,4.2,3140.0,6420.0,48.90965732087228,7.75,1,SRE Linhares
32020341,EEEFM CABOCLO BERNARDO,ARACRUZ,-19.8251491,-40.060233,4.0,3135.0,6600.0,47.5,0.0,0,SRE Linhares
32020643,EEEFM PRIMO BITTI,ARACRUZ,-19.92853319,-40.13921256,4.3,4652.0,9700.0,47.95876288659794,5.769230769230769,1,SRE Linhares
32020910,CEEFMTI NAIR MIRANDA,FUNDÃO,-19.9372345,-40.4036443,5.8,1501.0,3220.0,46.61490683229814,5.0,0,SRE Carapina
32021194,EEEFM NARCEU DE PAIVA FILHO,IBIRAÇU,-19.8310633,-40.3660917,4.4,2368.0,5600.0,42.285714285714285,2.688888888888889,0,SRE Linhares
32021259,EEEFM NOSSA SENHORA DA SAUDE,IBIRAÇU,-19.8301065,-40.3667838,0.0,2420.0,4520.0,53.53982300884956,0.0,1,SRE Linhares
32021550,EEEFM JOAO NEIVA,JOÃO NEIVA,-19.7569761,-40.3818939,5.0,2913.0,6280.0,46.38535031847134,4.557377049180328,1,SRE Linhares
32021798,CEEJA DE LINHARES,LINHARES,-19.4022606,-40.0666867,0.0,0.0,0.0,0.0,0.0,0,SRE Linhares
32021933,CEEFMTI BARTOUVINO COSTA,LINHARES,-19.4024747,-40.0660058,5.0,4934.0,11300.0,43.663716814159294,4.378378378378378,1,SRE Linhares
32022050,EEEFM JOSE DE CALDAS BRITO,LINHARES,-19.3972965,-40.0602209,5.6,9306.0,11360.0,81.91901408450704,4.444444444444445,0,SRE Linhares
32022158,EEEFM PROFESSORA REGINA BANHOS PAIXAO,LINHARES,-19.3599664,-40.05252256,4.6,5163.0,11280.0,45.77127659574468,6.333333333333333,0,SRE Linhares
32022212,EEEFM POLIVALENTE DE LINHARES I,LINHARES,-19.381038,-40.0600389,4.6,4730.0,11360.0,41.63732394366197,4.557692307692308,0,SRE Linhares
32022360,EEEM EMIR DE MACEDO GOMES,LINHARES,-19.3963821,-40.0634942,4.4,14203.0,31360.0,45.29017857142857,7.333333333333333,0,SRE Linhares
32022778,EEEFM PROFESSOR MANOEL ABREU,LINHARES,-19.475907,-40.1168934,4.3,4462.0,10460.0,42.65774378585086,4.875,0,SRE Linhares
32023014,EEEFM ARMANDO BARBOSA QUITIBA,SOORETAMA,-19.1915638,-40.096769,4.2,4139.0,10940.0,37.83363802559415,4.4625,0,SRE Linhares
32023685,EEEFM VILA REGENCIA,LINHARES,-19.6460751,-39.8264789,0.0,817.0,1660.0,49.21686746987952,0.0,0,SRE Linhares
32024134,EEEFM FAZENDA AMORIM,VILA VALÉRIO,-18.9404574,-40.302884,0.0,128.0,160.0,80.0,0.0,1,SRE Nova Venécia
32024240,EEUEF CORREGO DO PAVAO,VILA VALÉRIO,-18.8734979,-40.326504,0.0,57.0,60.0,95.0,0.0,0,SRE Nova Venécia
32024410,EEUEF NOVA JERUSALEM,VILA VALÉRIO,-18.9702488,-40.3080921,0.0,70.0,120.0,58.333333333333336,0.0,0,SRE Nova Venécia
32024550,EEEFM MANOEL SALUSTIANO DE SOUZA,LINHARES,-19.369234,-40.44753,4.2,3111.0,5820.0,53.45360824742268,5.363636363636363,0,SRE Linhares
32025149,EEEFM BANANAL,RIO BANANAL,-19.2718911,-40.3280277,4.8,3399.0,8640.0,39.34027777777778,4.461538461538462,0,SRE Linhares
32025920,CEEFMTI AFONSO CLAUDIO,AFONSO CLÁUDIO,-20.0754704,-41.1269763,4.9,1417.0,2420.0,58.55371900826447,5.538461538461538,0,SRE Afonso Cláudio
32026480,EEEFM LEOGILDO SEVERIANO DE SOUZA,BREJETUBA,-20.1105215,-41.339661,6.1,695.0,1300.0,53.46153846153846,4.3,0,SRE Afonso Cláudio
32026536,EEEFM MARLENE BRANDAO,BREJETUBA,-20.1823024,-41.2667904,5.4,1555.0,3300.0,47.121212121212125,5.75,0,SRE Afonso Cláudio
32026552,EEEFM ALVARO CASTELO,BREJETUBA,-20.1445137,-41.2877011,4.7,2313.0,5420.0,42.67527675276753,7.0,1,SRE Afonso Cláudio
32026846,EEEFM SAO JORGE,BREJETUBA,-19.9754928,-41.2802121,5.0,1187.0,2760.0,43.0072463768116,4.5,0,SRE Afonso Cláudio
32027206,EEEFM JOSE ROBERTO CHRISTO,AFONSO CLÁUDIO,-20.18294,-41.1937862,4.1,1158.0,2300.0,50.34782608695652,5.666666666666667,0,SRE Afonso Cláudio
32027532,EEEFM FAZENDA CAMPORES,BREJETUBA,-20.2530189,-41.2378654,5.8,1111.0,1680.0,66.13095238095238,5.6,0,SRE Afonso Cláudio
32027540,EEEFM JOSE GIESTAS,AFONSO CLÁUDIO,-20.2009035,-41.0454844,5.5,1719.0,3400.0,50.55882352941177,4.705882352941177,0,SRE Afonso Cláudio
32027567,EEEFM MARIA DE ABREU ALVIM,AFONSO CLÁUDIO,-20.2141865,-41.1036842,4.1,1900.0,4140.0,45.893719806763286,4.454545454545454,1,SRE Afonso Cláudio
32027753,EEEFM ELVIRA BARROS,AFONSO CLÁUDIO,-20.0043116,-41.0292317,5.3,2050.0,3360.0,61.01190476190476,6.3,0,SRE Afonso Cláudio
32028059,EEEFM PROFª ALDY SOARES MERCON VARGAS,CONCEIÇÃO DO CASTELO,-20.3561321,-41.2420828,4.7,3864.0,7200.0,53.66666666666666,0.0,0,SRE Afonso Cláudio
32028580,EEEFM TEOFILO PAULINO,DOMINGOS MARTINS,-20.36821183,-40.66284983,5.4,5365.0,10280.0,52.188715953307394,8.325581395348838,1,SRE Afonso Cláudio
32028806,EEEFM PEDRA AZUL,DOMINGOS MARTINS,-20.3815491,-41.0318146,5.0,2046.0,4160.0,49.18269230769231,4.2,1,SRE Afonso Cláudio
32029012,EEEFM VICTORIO BRAVIM,MARECHAL FLORIANO,-20.4848589,-40.7715087,5.7,3664.0,6420.0,57.07165109034268,5.781818181818182,0,SRE Cariacica
32029292,EEEFM GISELA SALLOKER FAYET,DOMINGOS MARTINS,-20.3167593,-40.8037641,5.7,3169.0,5240.0,60.47709923664122,6.0,0,SRE Afonso Cláudio
32029306,EEEFM PONTO DO ALTO,DOMINGOS MARTINS,-20.2866495,-40.816403,5.9,2899.0,5180.0,55.965250965250966,5.555555555555555,0,SRE Afonso Cláudio
32029438,EEEFM LUIZ JOUFFROY,LARANJA DA TERRA,-19.900281,-41.0554862,5.7,2864.0,4520.0,63.36283185840708,5.789473684210527,1,SRE Afonso Cláudio
32029594,EEEFM JOAQUIM CAETANO DE PAIVA,LARANJA DA TERRA,-19.8791548,-40.9604727,4.9,1448.0,2720.0,53.23529411764706,5.5,0,SRE Afonso Cláudio
32029993,EEEFM EMILIO OSCAR HULLE,MARECHAL FLORIANO,-20.4134908,-40.6744077,5.7,4876.0,9200.0,53.0,5.74468085106383,0,SRE Cariacica
32030142,EEEFM DOMINGOS PERIM,VENDA NOVA DO IMIGRANTE,-20.3352561,-41.1316477,5.7,1492.0,2820.0,52.90780141843972,0.0,0,SRE Afonso Cláudio
32030150,EEEF LIBERAL ZANDONADI,VENDA NOVA DO IMIGRANTE,-20.3239951,-41.1351537,0.0,4530.0,6700.0,67.61194029850746,0.0,0,SRE Afonso Cláudio
32030177,EEEFM FIORAVANTE CALIMAN,VENDA NOVA DO IMIGRANTE,-20.3285204,-41.1332742,5.1,6959.0,13280.0,52.40210843373494,5.175675675675675,1,SRE Afonso Cláudio
32030584,EEEFM EURICO SALLES,ITAGUAÇU,-19.8037324,-40.8560535,5.1,3900.0,7520.0,51.861702127659576,5.888888888888889,0,SRE Colatina
32030959,EEEFM FABIANO FRANCISCO TOMASINI,ITAGUAÇU,-19.6939128,-40.9211714,7.5,529.0,580.0,91.20689655172414,5.0,0,SRE Colatina
32030983,EEEFM ALFREDO LEMOS,ITAGUAÇU,-19.6646687,-40.8356422,4.9,1303.0,2440.0,53.40163934426229,4.133333333333334,0,SRE Colatina
32031238,EEEFM ALTO JATIBOCAS,ITARANA,-20.0000755,-40.8910223,5.6,1290.0,2240.0,57.58928571428572,4.285714285714286,0,SRE Colatina
32031270,EEEF PROF JOSUE BALDOTTO,ITARANA,-19.9571352,-40.8230802,0.0,572.0,760.0,75.26315789473684,0.0,1,SRE Colatina
32031289,EEEFM PROF ALEYDE COSME,ITARANA,-19.8695527,-40.8749741,5.0,3642.0,6120.0,59.50980392156863,5.388888888888889,0,SRE Colatina
32031661,EEEFM ALICE HOLZMEISTER,SANTA LEOPOLDINA,-20.1014983,-40.5287555,4.6,2786.0,5720.0,48.70629370629371,4.133333333333334,1,SRE Cariacica
32032200,EEEFM FREDERICO BOLDT,SANTA MARIA DE JETIBÁ,-20.09625595,-40.67577589,5.2,2433.0,4760.0,51.11344537815126,4.2,0,SRE Afonso Cláudio
32032234,EEEFM SAO LUIS,SANTA MARIA DE JETIBÁ,-20.0033431,-40.7381924,5.2,3477.0,6760.0,51.43491124260355,5.583333333333333,0,SRE Afonso Cláudio
32032269,EEEFM PROF HERMANN BERGER,SANTA MARIA DE JETIBÁ,-20.0493089,-40.703717,5.5,3055.0,5520.0,55.344202898550726,0.0,0,SRE Afonso Cláudio
32032277,EEEFM GRACA ARANHA,SANTA MARIA DE JETIBÁ,-20.0294039,-40.7428789,5.7,12907.0,17380.0,74.26352128883775,6.35,0,SRE Afonso Cláudio
32032579,EEEFM FAZENDA EMILIO SCHROEDER,SANTA MARIA DE JETIBÁ,-20.1234843,-40.84027394,5.3,1948.0,3520.0,55.34090909090909,4.5,0,SRE Afonso Cláudio
32032633,EEEFM ALTO RIO POSSMOSER,SANTA MARIA DE JETIBÁ,-20.0664215,-40.8435108,5.5,2694.0,4960.0,54.314516129032256,4.9,1,SRE Afonso Cláudio
32032951,EEEFM JOSE PINTO COELHO,SANTA TERESA,-19.9397712,-40.6091997,5.0,3309.0,7540.0,43.88594164456234,4.970588235294118,0,SRE Carapina
32033443,EEUEF MARIA JULITA,SANTA TERESA,-19.7987451,-40.6323998,0.0,55.0,100.0,55.0,0.0,1,SRE Carapina
32033478,EEEFM FREDERICO PRETTI,SANTA TERESA,-19.8129174,-40.6774998,5.1,3466.0,5780.0,59.96539792387544,5.37037037037037,0,SRE Carapina
32033540,EEEFM DAVID ROLDI,SÃO ROQUE DO CANAÃ,-19.7513152,-40.6572632,4.6,2557.0,5680.0,45.017605633802816,6.533333333333333,1,SRE Colatina
32033745,EEEFM CEL OLIMPIO CUNHA,CARIACICA,-20.3114231,-40.3911962,4.8,4007.0,12380.0,32.36672051696284,0.0,0,SRE Cariacica
32033796,EEEFM MARIA DE LOURDES POYARES LABUTO,CARIACICA,-20.302642,-40.3936796,4.4,3974.0,9900.0,40.14141414141414,4.845238095238095,0,SRE Cariacica
32033796,EEEFM MARIA DE LOURDES POYARES LABUTO,CARIACICA,-20.302642,-40.3936796,4.4,3974.0,9900.0,40.14141414141414,5.105263157894737,0,SRE Cariacica
32033826,EEEFM JOSE RODRIGUES COUTINHO,CARIACICA,-20.3011387,-40.4050813,4.3,3224.0,6540.0,49.29663608562692,6.0,0,SRE Cariacica
32033940,EEEFM SATURNINO RANGEL MAURO,CARIACICA,-20.262265,-40.381915,4.1,4076.0,10840.0,37.60147601476015,4.4324324324324325,0,SRE Cariacica
32034016,EEEFM ANA LOPES BALESTRERO,CARIACICA,-20.2892883,-40.37809,4.3,3446.0,10940.0,31.49908592321755,7.0,0,SRE Cariacica
32034040,EEEFM SAO JOAO BATISTA - CARIACICA,CARIACICA,-20.27374555,-40.41355426,3.9,5598.0,15320.0,36.54046997389034,0.0,1,SRE Cariacica
32034636,EEEFMTI ITAGIBA ESCOBAR,CARIACICA,-20.321885,-40.3664901,4.1,1626.0,3140.0,51.78343949044586,4.666666666666667,0,SRE Cariacica
32034644,EEEFM JOSE VITOR FILHO,CARIACICA,-20.33288001,-40.40792273,4.4,5262.0,10540.0,49.92409867172675,6.875,0,SRE Cariacica
32034652,EEEFM JESUS CRISTO REI,CARIACICA,-20.3492974,-40.4063497,4.3,4307.0,12140.0,35.477759472817134,6.7407407407407405,1,SRE Cariacica
32034679,EEEFM JOAO CRISOSTOMO BELESA,CARIACICA,-20.3126967,-40.3673602,4.0,5539.0,13540.0,40.90841949778434,4.802197802197802,0,SRE Cariacica
32034741,EEEFM MARIANO FIRME DE SOUZA,CARIACICA,-20.362211,-40.3676403,0.0,2574.0,5400.0,47.66666666666666,0.0,0,SRE Cariacica
32034814,CEEFTI PRESIDENTE CASTELO BRANCO,CARIACICA,-20.3082968,-40.3671841,0.0,1624.0,3360.0,48.333333333333336,0.0,0,SRE Cariacica
32034857,CEEFMTI PROFESSORA MARIA PENEDO,CARIACICA,-20.3264069,-40.3743092,5.5,2965.0,6460.0,45.89783281733746,6.777777777777778,0,SRE Cariacica
32034920,EEEF STELLITA RAMOS,CARIACICA,-20.3009168,-40.3625431,0.0,1834.0,4080.0,44.95098039215687,0.0,1,SRE Cariacica
32034954,EEEFM THEODOMIRO RIBEIRO COELHO,CARIACICA,-20.3353908,-40.4229679,4.8,4137.0,7580.0,54.577836411609496,5.486486486486487,0,SRE Cariacica
32035004,EEEFM ALZIRA RAMOS,CARIACICA,-20.3806658,-40.3696219,4.4,4182.0,11460.0,36.49214659685864,4.161764705882353,0,SRE Cariacica
32035012,EEEFM ARY PARREIRAS,CARIACICA,-20.3371484,-40.3955714,5.1,5358.0,12920.0,41.47058823529412,5.28,0,SRE Cariacica
32035039,EEEFM HUNNEY EVEREST PIOVESAN,CARIACICA,-20.3469718,-40.38694,3.7,8425.0,21460.0,39.259086672879775,6.2,0,SRE Cariacica
32035063,EEEFM PROF MARIA DE LOURDES SANTOS SILVA,CARIACICA,-20.3294737,-40.3682496,4.3,4073.0,8060.0,50.53349875930521,4.333333333333333,0,SRE Cariacica
32035080,EEEFM PROF JOAQUIM BARBOSA QUITIBA,CARIACICA,-20.3287307,-40.390851,4.4,4697.0,12460.0,37.69662921348315,5.017543859649122,0,SRE Cariacica
32035098,CEEFMTI PROFESSOR JOSE LEAO NUNES,CARIACICA,-20.3451273,-40.3652207,5.2,3640.0,7680.0,47.395833333333336,5.428571428571429,0,SRE Cariacica
32035390,EEEFM CAMPINHO,SERRA,-20.1406497,-40.2873494,0.0,2523.0,4740.0,53.22784810126582,0.0,0,SRE Carapina
32035403,EEEFM GETULIO PIMENTEL LOUREIRO,SERRA,-20.1192577,-40.3013828,0.0,2286.0,3700.0,61.78378378378378,0.0,0,SRE Carapina
32035470,EEEF PROFESSORA ADEVALNI AZEVEDO,SERRA,-20.146133,-40.2932355,0.0,1436.0,2160.0,66.48148148148148,0.0,0,SRE Carapina
32035500,EEEFM PROFESSOR JOAO ANTUNES DAS DORES,SERRA,-20.1345597,-40.2867927,3.8,3978.0,10540.0,37.74193548387097,3.066666666666667,1,SRE Carapina
32035519,EEEFM PROF JOAO LOYOLA,SERRA,-20.1237235,-40.3079923,4.4,8407.0,21220.0,39.61828463713478,4.218181818181818,0,SRE Carapina
32035527,EEEM CLOVIS BORGES MIGUEL,SERRA,-20.1307738,-40.3083182,5.5,11225.0,18120.0,61.94812362030905,4.923664122137405,0,SRE Carapina
32036027,EEEF PREFEITO JOSE MARIA MIGUEL FEU ROSA,SERRA,-20.1937762,-40.1929669,0.0,1323.0,2260.0,58.53982300884956,0.0,1,SRE Carapina
32036051,EEEFM ANTONIO ENGRACIO DA SILVA,SERRA,-20.1733154,-40.2133425,0.0,750.0,1700.0,44.11764705882353,4.483870967741935,0,SRE Carapina
32036060,EEEFM ANTONIO LUIZ VALIATI,SERRA,-20.2009077,-40.2740201,0.0,2539.0,4480.0,56.674107142857146,0.0,0,SRE Carapina
32036086,EEEFM ARLINDO FERREIRA LOPES,SERRA,-20.2342048,-40.2792937,0.0,3181.0,7160.0,44.427374301675975,0.0,0,SRE Carapina
32036094,EEEF CARAPEBUS,SERRA,-20.2313548,-40.2163892,0.0,1156.0,1900.0,60.8421052631579,0.0,0,SRE Carapina
32036116,EEEFM D JOAO BATISTA DA MOTTA E ALBUQUERQUE,SERRA,-20.2271484,-40.2805104,0.0,1069.0,2120.0,50.4245283018868,0.0,0,SRE Carapina
32036124,EEEFM ELICE BAPTISTA GAUDIO,SERRA,-20.1411661,-40.2451831,0.0,6084.0,12400.0,49.064516129032256,5.666666666666667,0,SRE Carapina
32036167,EEEF JONES JOSE DO NASCIMENTO,SERRA,-20.2169749,-40.2754914,0.0,691.0,1320.0,52.34848484848485,0.0,0,SRE Carapina
32036175,EEEF JUDITH LEAO CASTELO RIBEIRO,SERRA,-20.1700994,-40.2804005,0.0,855.0,1800.0,47.5,0.0,1,SRE Carapina
32036183,EEEF MANOEL LOPES,SERRA,-20.1793364,-40.258642,0.0,2742.0,4500.0,60.93333333333333,0.0,0,SRE Carapina
32036191,EEEFM MARIA PENEDO,SERRA,-20.19844192,-40.26159623,0.0,4736.0,8900.0,53.21348314606742,0.0,0,SRE Carapina
32036205,EEEFM MARINETE DE SOUZA LIRA,SERRA,-20.175235,-40.2080685,5.5,8731.0,22460.0,38.87355298308104,6.2,0,SRE Carapina
32036213,EEEFM MARINGA,SERRA,-20.165785,-40.2526101,0.0,3134.0,5220.0,60.03831417624521,0.0,0,SRE Carapina
32036221,EEEFM MESTRE ALVARO,SERRA,-20.1474405,-40.2639685,0.0,5526.0,9600.0,57.5625,0.0,1,SRE Carapina
32036442,EEEFM NOVA CARAPINA,SERRA,-20.1534248,-40.2658962,4.4,7502.0,13640.0,55.0,4.478260869565218,0,SRE Carapina
32036477,EEEFM MARIA JOSE ZOUAIN DE MIRANDA,SERRA,-20.20492789,-40.26344191,0.0,2636.0,5420.0,48.63468634686347,0.0,0,SRE Carapina
32036493,EEEFM PROF JURACI MACHADO,SERRA,-20.1748239,-40.243952,0.0,3995.0,7620.0,52.42782152230971,5.351351351351352,0,SRE Carapina
32036523,EEEFM ROMULO CASTELLO,SERRA,-20.2311466,-40.2730487,4.5,5781.0,12060.0,47.93532338308458,6.771929824561403,0,SRE Carapina
32036531,EEEFM SIZENANDO PECHINCHA,SERRA,-20.171372,-40.2582297,4.3,5281.0,12800.0,41.2578125,4.51685393258427,0,SRE Carapina
32036540,EEEF TAQUARA I,SERRA,-20.1850484,-40.26259597,0.0,3086.0,5280.0,58.446969696969695,0.0,0,SRE Carapina
32036558,EEEFM BELMIRO TEIXEIRA PIMENTA,SERRA,-20.2377402,-40.2762903,4.1,3923.0,10540.0,37.22011385199241,5.611940298507463,0,SRE Carapina
32036566,EEEFM CLOTILDE RATO,SERRA,-20.2474956,-40.2644607,4.4,3179.0,7180.0,44.27576601671309,5.047619047619048,0,SRE Carapina
32036574,EEEFM IRACEMA CONCEICAO SILVA,SERRA,-20.2055313,-40.2491967,0.0,4801.0,8580.0,55.95571095571096,0.0,0,SRE Carapina
32036582,EEEFM PROF HILDA MIRANDA NASCIMENTO,SERRA,-20.1520369,-40.2514087,4.7,8638.0,16020.0,53.920099875156055,6.108695652173913,0,SRE Carapina
32037163,EEEFM FRANCISCO NASCIMENTO,SERRA,-20.1590283,-40.1870433,5.5,7181.0,11100.0,64.69369369369369,6.2926829268292686,0,SRE Carapina
32037171,EEEFM GERMANO ANDRE LUBE,SERRA,-20.1265411,-40.1871173,0.0,4503.0,8320.0,54.12259615384615,4.571428571428571,0,SRE Carapina
32037180,EEEFM JACARAIPE,SERRA,-20.1390353,-40.1917817,3.7,10011.0,19560.0,51.18098159509202,6.766666666666667,0,SRE Carapina
32037260,EEEFM SILVIO EGITO SOBRINHO,SERRA,-20.1974805,-40.2782487,4.4,5991.0,13380.0,44.775784753363226,4.575,0,SRE Carapina
32037350,EEEFM LARANJEIRAS,SERRA,-20.1844044,-40.2694572,4.2,3912.0,7400.0,52.86486486486486,3.842105263157895,0,SRE Carapina
32037368,EEEFM ARISTOBULO BARBOSA LEAO,SERRA,-20.2091087,-40.2626781,5.0,10544.0,23520.0,44.82993197278912,5.888888888888889,0,SRE Carapina
32037473,EEEF VIRGINIO PEREIRA,SERRA,-20.0578881,-40.1910055,0.0,2232.0,3240.0,68.88888888888889,0.0,0,SRE Carapina
32037775,EEEFM MARIA DE NOVAES PINHEIRO,VIANA,-20.361616,-40.4046052,4.0,5575.0,15800.0,35.28481012658228,4.266187050359712,0,SRE Cariacica
32037791,EEEFM NELSON VIEIRA PIMENTEL,VIANA,-20.3915561,-40.4964838,4.0,4351.0,11420.0,38.09982486865149,5.833333333333333,0,SRE Cariacica
32038461,EEEFM TERRA VERMELHA,VILA VELHA,-20.4451476,-40.3520862,3.8,3989.0,11380.0,35.05272407732865,4.584158415841584,0,SRE Vila Velha
32038488,EEEFM AGENOR DE SOUZA LE,VILA VELHA,-20.3461491,-40.2988379,4.8,3642.0,8960.0,40.64732142857143,4.8604651162790695,0,SRE Vila Velha
32038496,EEEFM FRANCELINA CARNEIRO SETUBAL,VILA VELHA,-20.37256204,-40.30759681,4.9,6125.0,13060.0,46.8989280245023,4.555555555555555,0,SRE Vila Velha
32038500,EEEFM LUIZ MANOEL VELLOZO,VILA VELHA,-20.3324153,-40.3126002,4.8,3413.0,8760.0,38.96118721461188,6.75,0,SRE Vila Velha
32038534,EEEFM PROF GERALDO COSTA ALVES,VILA VELHA,-20.3547768,-40.3035877,4.6,4002.0,10720.0,37.332089552238806,6.076923076923077,0,SRE Vila Velha
32038569,CEET VASCO COUTINHO,VILA VELHA,-20.3368439,-40.292869,0.0,0.0,0.0,0.0,0.0,1,SRE Vila Velha
32038755,EEEM GODOFREDO SCHNEIDER,VILA VELHA,-20.3296627,-40.2926359,5.4,6373.0,14220.0,44.81715893108298,5.483870967741935,0,SRE Vila Velha
32038852,EEEFM ADOLFINA ZAMPROGNO,VILA VELHA,-20.3375636,-40.3371604,4.6,3882.0,11000.0,35.29090909090909,4.709090909090909,0,SRE Vila Velha
32038941,EEEM DR FRANCISCO FREITAS LIMA,VILA VELHA,-20.3328604,-40.3344365,4.6,2640.0,7980.0,33.08270676691729,3.6666666666666665,0,SRE Vila Velha
32039085,EEEM BENICIO GONCALVES,VILA VELHA,-20.3736894,-40.3505495,4.9,6678.0,16160.0,41.32425742574257,5.787234042553192,0,SRE Vila Velha
32039352,CEEFMTI ASSISOLINA ASSIS ANDRADE,VILA VELHA,-20.3392717,-40.3232333,5.1,2268.0,5480.0,41.38686131386861,4.285714285714286,0,SRE Vila Velha
32039387,EEEFM CATHARINA CHEQUER,VILA VELHA,-20.3686608,-40.3200622,4.3,2584.0,6360.0,40.62893081761006,5.555555555555555,1,SRE Vila Velha
32039409,EEEFM FLORENTINO AVIDOS,VILA VELHA,-20.3531491,-40.3171178,4.7,6824.0,15640.0,43.631713554987215,6.35,0,SRE Vila Velha
32039417,CEEFMTI PROFESSORA MAURA ABAURRE,VILA VELHA,-20.3660674,-40.3134464,5.1,2197.0,4960.0,44.29435483870968,5.75,0,SRE Vila Velha
32039565,EEEFM MARCILIO DIAS,VILA VELHA,-20.4249101,-40.3268964,5.1,2727.0,5800.0,47.01724137931034,5.590163934426229,0,SRE Vila Velha
32039603,EEEFM JUDITH DA SILVA GOES COUTINHO,VILA VELHA,-20.5171539,-40.361287,4.8,2141.0,5300.0,40.39622641509434,6.0,0,SRE Vila Velha
32039727,CEEFMTI GALDINO ANTONIO VIEIRA,VILA VELHA,-20.347439,-40.3303467,4.3,2687.0,7080.0,37.951977401129945,4.565217391304348,0,SRE Vila Velha
32039867,EEEM ORMANDA GONCALVES,VILA VELHA,-20.3467471,-40.3547719,4.6,9035.0,17980.0,50.25027808676307,5.241071428571429,0,SRE Vila Velha
32039883,EEEFM SILVIO ROCIO,VILA VELHA,-20.3300292,-40.348825,4.3,754.0,2120.0,35.56603773584906,6.0,0,SRE Vila Velha
32039972,CEEJA DE VITORIA,VITÓRIA,-20.3181496,-40.3355123,0.0,0.0,0.0,0.0,1.6666666666666667,1,SRE Carapina
32040067,EEEM COLEGIO ESTADUAL DO ESPIRITO SANTO,VITÓRIA,-20.3182174,-40.3243934,4.1,13167.0,27560.0,47.775761973875184,5.0227272727272725,1,SRE Carapina
32040288,EEEM GOMES CARDIM,VITÓRIA,-20.3177567,-40.3301648,4.3,815.0,2240.0,36.38392857142857,4.695652173913044,0,SRE Carapina
32040300,EEEFM HILDEBRANDO LUCAS,VITÓRIA,-20.2968979,-40.3161071,0.0,0.0,0.0,0.0,4.0588235294117645,0,SRE Carapina
32040334,EEEFM IRMA MARIA HORTA,VITÓRIA,-20.2980884,-40.2941857,4.5,7116.0,18000.0,39.53333333333333,5.555555555555555,0,SRE Carapina
32040695,EEEFM AFLORDIZIO CARVALHO DA SILVA,VITÓRIA,-20.2952586,-40.3109794,3.8,2557.0,8000.0,31.9625,5.5,0,SRE Carapina
32040725,EEEFM MAJOR ALFREDO PEDRO RABAYOLLI,VITÓRIA,-20.3154936,-40.3580188,4.0,4929.0,10700.0,46.06542056074766,5.333333333333333,0,SRE Carapina
32040733,EEEFM MARIA ORTIZ,VITÓRIA,-20.3209781,-40.3405649,5.0,6067.0,14580.0,41.61179698216736,5.6909090909090905,0,SRE Carapina
32040784,CEEMTI PROF FERNANDO DUARTE RABELO,VITÓRIA,-20.3094974,-40.2947334,4.2,4512.0,12200.0,36.98360655737705,5.569230769230769,0,SRE Carapina
32041560,EEEFM ALMIRANTE BARROSO,VITÓRIA,-20.2669944,-40.299434,4.0,6713.0,15440.0,43.4779792746114,5.941176470588236,0,SRE Carapina
32041640,EEEM ARNULPHO MATTOS,VITÓRIA,-20.2720138,-40.2939428,5.3,11663.0,23940.0,48.71762740183793,6.166666666666667,0,SRE Carapina
32041756,EEEFM CAMILA MOTTA,ALFREDO CHAVES,-20.6381629,-40.7465624,5.3,2946.0,5140.0,57.31517509727627,4.666666666666667,1,SRE Vila Velha
32042647,EEEFM CORONEL GOMES DE OLIVEIRA,ANCHIETA,-20.7996681,-40.6421648,4.6,4546.0,9600.0,47.35416666666666,5.615384615384615,0,SRE Vila Velha
32043490,EEEFM ANGELICA PAIXAO,GUARAPARI,-20.6616597,-40.5042247,4.9,5161.0,11220.0,45.998217468805706,5.333333333333333,0,SRE Vila Velha
32043546,EEEM LEANDRO ESCOBAR,GUARAPARI,-20.6215675,-40.4672481,4.5,2413.0,5700.0,42.333333333333336,5.5,0,SRE Vila Velha
32043554,EEEFM MANOEL ROZINDO DA SILVA,GUARAPARI,-20.7379968,-40.5389735,5.3,2111.0,3900.0,54.12820512820513,4.1,0,SRE Vila Velha
32043635,EEEFM PROFESSORA MARIA DA GLORIA FLORES DA SILVA DE SOUZA,GUARAPARI,-20.5232745,-40.5333962,4.8,1699.0,2540.0,66.88976377952756,5.888888888888889,0,SRE Vila Velha
32043651,EEEFM ZENOBIA LEAO,GUARAPARI,-20.67421754,-40.50551745,4.0,2199.0,5720.0,38.44405594405595,6.0227272727272725,0,SRE Vila Velha
32043660,EEEFM ZULEIMA FORTES FARIA,GUARAPARI,-20.6638097,-40.5075077,4.8,4327.0,8700.0,49.735632183908045,5.647058823529412,0,SRE Vila Velha
32043686,EEEM DOUTOR SILVA MELLO,GUARAPARI,-20.67295135,-40.50267284,4.7,10824.0,21340.0,50.72164948453608,4.666666666666667,0,SRE Vila Velha
32043694,EEEFM LYRA RIBEIRO SANTOS,GUARAPARI,-20.6831843,-40.5149008,4.4,2002.0,3940.0,50.81218274111675,5.666666666666667,0,SRE Vila Velha
32043830,EEEM GUARAPARI,GUARAPARI,-20.6711598,-40.4974091,4.8,4142.0,8580.0,48.27505827505828,5.818181818181818,1,SRE Vila Velha
32044364,EEEFM CEL ANTONIO DUARTE,ICONHA,-20.7895301,-40.8159331,5.4,4879.0,8980.0,54.33184855233853,7.0,0,SRE Cachoeiro de Itapemirim
32044747,EEEFM PROFESSORA FILOMENA QUITIBA,PIÚMA,-20.83773565,-40.72666275,4.8,5442.0,11100.0,49.02702702702703,4.666666666666667,0,SRE Vila Velha
32044950,EEEFM WALDEMIRO HEMERLY,RIO NOVO DO SUL,-20.8638162,-40.9323705,4.6,5308.0,9320.0,56.952789699570815,5.825,1,SRE Cachoeiro de Itapemirim
32045360,EEEFM PROFESSOR PEDRO SIMAO,ALEGRE,-20.7664681,-41.5458981,5.7,2480.0,5340.0,46.441947565543074,5.0,0,SRE Guaçuí
32045379,CEEFMTI ARISTEU AGUIAR,ALEGRE,-20.7589086,-41.5374543,5.3,2457.0,5080.0,48.36614173228347,7.0,0,SRE Guaçuí
32045719,EEEFM ANA MONTEIRO DE PAIVA,ALEGRE,-20.611608,-41.4496379,5.3,1469.0,2020.0,72.72277227722772,4.0,1,SRE Guaçuí
32045867,EEEFM OSCAR DE ALMEIDA GAMA,ALEGRE,-20.5928034,-41.555549,6.8,1126.0,1620.0,69.50617283950618,5.0,1,SRE Guaçuí
32046022,EEEFM JOSE CORRENTE,ALEGRE,-20.8684109,-41.5716169,5.8,2457.0,3560.0,69.01685393258427,4.888888888888889,0,SRE Guaçuí
32046103,EEEFM SIRENA REZENDE FONSECA,ALEGRE,-20.7647567,-41.592005,5.2,1663.0,3240.0,51.32716049382716,5.75,0,SRE Guaçuí
32046197,EEEFM PROFª CELIA TEIXEIRA DO CARMO,ALEGRE,-20.7567023,-41.4591117,5.2,3166.0,4800.0,65.95833333333333,4.8,0,SRE Guaçuí
32046383,EEEFM JUVENAL NOLASCO,DIVINO DE SÃO LOURENÇO,-20.6223125,-41.6866183,5.5,2292.0,4500.0,50.93333333333333,5.25,0,SRE Guaçuí
32046634,EEEFM PEDRO DE ALCANTARA GALVEAS,DORES DO RIO PRETO,-20.692903,-41.8489949,5.1,3230.0,5780.0,55.88235294117647,5.666666666666667,0,SRE Guaçuí
32046642,EEEFM SAO JOSE - DORES DO RIO PRETO,DORES DO RIO PRETO,-20.5551893,-41.8187705,5.4,1787.0,3520.0,50.76704545454545,5.0,0,SRE Guaçuí
32046901,EEEFM ANTONIO CARNEIRO RIBEIRO,GUAÇUÍ,-20.770824,-41.6788325,4.7,4675.0,10000.0,46.75,5.5,0,SRE Guaçuí
32047002,CEEFMTI MONSENHOR MIGUEL DE SANCTIS,GUAÇUÍ,-20.7845189,-41.6842821,4.3,543.0,1840.0,29.51086956521739,3.2,0,SRE Guaçuí
32047720,EEEFM PROFESSORA MARIA TRINDADE DE OLIVEIRA,IBATIBA,-20.23469332,-41.50818648,5.2,6614.0,12680.0,52.1608832807571,5.564102564102564,0,SRE Guaçuí
32048092,EEEFM ANTONIO LEMOS JUNIOR,IBITIRAMA,-20.5388465,-41.6612205,4.9,3585.0,6120.0,58.57843137254902,4.8,0,SRE Guaçuí
32048106,EEEFM OLAVO RODRIGUES DA COSTA,IBITIRAMA,-20.5133586,-41.7159909,4.8,2742.0,4320.0,63.47222222222222,5.818181818181818,0,SRE Guaçuí
32048459,EEEFM BERNARDO HORTA,IRUPI,-20.3459965,-41.6411507,5.3,4413.0,8040.0,54.88805970149254,5.03030303030303,0,SRE Guaçuí
32048920,CEEFMTI HENRIQUE COUTINHO,IÚNA,-20.347524,-41.5323537,5.0,3491.0,8120.0,42.99261083743843,5.583333333333333,0,SRE Guaçuí
32049242,EEEFM PADRE AFONSO BRAZ,IÚNA,-20.2771509,-41.7778903,5.2,3321.0,5920.0,56.097972972972975,5.2631578947368425,1,SRE Guaçuí
32049536,CEEFMTI BRAULIO FRANCO,MUNIZ FREIRE,-20.4629482,-41.4130894,5.5,3930.0,5960.0,65.93959731543625,5.607142857142857,1,SRE Guaçuí
32050364,EEEFM ARQUIMIMO MATTOS,MUNIZ FREIRE,-20.336727,-41.3902912,5.7,4019.0,6740.0,59.62908011869436,5.076923076923077,0,SRE Guaçuí
32050984,EEEFM CANDIDA POVOA,APIACÁ,-21.15134197,-41.56941055,4.8,2009.0,4360.0,46.07798165137615,6.0,0,SRE Guaçuí
32051328,EEEFM FERNANDO DE ABREU,ATÍLIO VIVÁCQUA,-20.9128758,-41.1963302,6.4,3344.0,6660.0,50.21021021021021,3.727272727272727,0,SRE Cachoeiro de Itapemirim
32051840,EEEFM HORACIO PLINIO,BOM JESUS DO NORTE,-21.1327674,-41.6782577,5.1,958.0,2100.0,45.61904761904762,3.692307692307693,0,SRE Guaçuí
32052081,CEEJA DE CACHOEIRO DE ITAPEMIRIM,CACHOEIRO DE ITAPEMIRIM,-20.85384157,-41.10562865,0.0,0.0,0.0,0.0,3.8,0,SRE Cachoeiro de Itapemirim
32052103,EEEM CEI ATTILA DE ALMEIDA MIRANDA,CACHOEIRO DE ITAPEMIRIM,-20.8423045,-41.12856382,4.7,10644.0,20080.0,53.00796812749004,5.79,0,SRE Cachoeiro de Itapemirim
32052189,EEEFM AGOSTINHO SIMONATO,CACHOEIRO DE ITAPEMIRIM,-20.84987253,-41.14631918,5.3,4053.0,7640.0,53.04973821989529,4.735294117647059,0,SRE Cachoeiro de Itapemirim
32052189,EEEFM AGOSTINHO SIMONATO,CACHOEIRO DE ITAPEMIRIM,-20.84987253,-41.14631918,5.3,4053.0,7640.0,53.04973821989529,6.195652173913044,0,SRE Cachoeiro de Itapemirim
32052235,EEEFM BERNARDINO MONTEIRO,CACHOEIRO DE ITAPEMIRIM,-20.8595481,-41.1180524,0.0,2010.0,3540.0,56.77966101694916,0.0,0,SRE Cachoeiro de Itapemirim
32052243,EEEFM CAROLINA PASSOS GAIGHER,CACHOEIRO DE ITAPEMIRIM,-20.84480421,-41.10885943,0.0,1820.0,3060.0,59.47712418300654,0.0,0,SRE Cachoeiro de Itapemirim
32052308,CEEFMTI FRANCISCO COELHO AVILA JUNIOR,CACHOEIRO DE ITAPEMIRIM,-20.85340404,-41.09369801,5.4,3704.0,6960.0,53.2183908045977,4.75,0,SRE Cachoeiro de Itapemirim
32052316,EEEFM FRATERNIDADE E LUZ,CACHOEIRO DE ITAPEMIRIM,-20.85419856,-41.11223526,5.1,4038.0,6500.0,62.12307692307692,7.314285714285714,0,SRE Cachoeiro de Itapemirim
32052340,EEEFM PROFESSORA INAH WERNECK,CACHOEIRO DE ITAPEMIRIM,-20.8415364,-41.1169186,0.0,3388.0,6460.0,52.44582043343653,0.0,0,SRE Cachoeiro de Itapemirim
32052405,EEEFM LIONS SEBASTIAO PAIVA VIDAURRE,CACHOEIRO DE ITAPEMIRIM,-20.8324401,-41.1561586,5.1,3115.0,6740.0,46.21661721068249,7.0,0,SRE Cachoeiro de Itapemirim
32052499,EEEFM NEWTRO FERREIRA DE ALMEIDA,CACHOEIRO DE ITAPEMIRIM,-20.87553298,-41.10454487,4.5,1236.0,2440.0,50.65573770491803,6.5,0,SRE Cachoeiro de Itapemirim
32052529,EEEFM PRESIDENTE GETULIO VARGAS,CACHOEIRO DE ITAPEMIRIM,-20.8419193,-41.1144427,4.8,9447.0,17740.0,53.252536640360766,6.090909090909091,0,SRE Cachoeiro de Itapemirim
32052545,EEEFM PROF CLAUDIONOR RIBEIRO,CACHOEIRO DE ITAPEMIRIM,-20.84268949,-41.12630747,4.7,3752.0,7220.0,51.96675900277008,5.352941176470588,0,SRE Cachoeiro de Itapemirim
32052618,EEEFM PROF HOSANA SALLES,CACHOEIRO DE ITAPEMIRIM,-20.8313409,-41.1760536,5.2,4126.0,7320.0,56.36612021857923,4.928571428571429,0,SRE Cachoeiro de Itapemirim
32052634,EEEFM QUINTILIANO DE AZEVEDO,CACHOEIRO DE ITAPEMIRIM,-20.8463483,-41.12578,0.0,3477.0,7100.0,48.971830985915496,0.0,0,SRE Cachoeiro de Itapemirim
32052650,EEEF SANTA CECILIA,CACHOEIRO DE ITAPEMIRIM,-20.8408989,-41.1092388,0.0,1021.0,1960.0,52.09183673469388,0.0,0,SRE Cachoeiro de Itapemirim
32052693,EEEFM WILSON RESENDE,CACHOEIRO DE ITAPEMIRIM,-20.6806538,-41.3473509,4.4,1735.0,3280.0,52.89634146341464,3.875,0,SRE Cachoeiro de Itapemirim
32052731,CEEFMTI LICEU MUNIZ FREIRE,CACHOEIRO DE ITAPEMIRIM,-20.8530326,-41.1063251,5.0,3021.0,4900.0,61.6530612244898,5.555555555555555,0,SRE Cachoeiro de Itapemirim
32052847,EEEFM PROF PETRONILHA VIDIGAL,CACHOEIRO DE ITAPEMIRIM,-20.728055,-41.13268167,4.8,3020.0,5420.0,55.71955719557196,6.0,0,SRE Cachoeiro de Itapemirim
32053860,EEEFM ZACHEU MOREIRA DA FRAGA,CACHOEIRO DE ITAPEMIRIM,-20.7633816,-41.0595082,5.0,3762.0,6840.0,55.0,4.319148936170213,0,SRE Cachoeiro de Itapemirim
32054092,EEEFM JOAO BLEY,CASTELO,-20.6104901,-41.2028224,5.6,9217.0,16740.0,55.05973715651135,0.0,0,SRE Cachoeiro de Itapemirim
32054343,CEET EMILIO NEMER,CASTELO,-20.6030335,-41.2051555,0.0,0.0,0.0,0.0,0.0,0,SRE Cachoeiro de Itapemirim
32055510,EEEFM JERONIMO MONTEIRO,JERÔNIMO MONTEIRO,-20.7907466,-41.3946291,4.8,3742.0,7900.0,47.36708860759494,0.0,0,SRE Cachoeiro de Itapemirim
32055820,CEEFMTI ANTONIO ACHA,MIMOSO DO SUL,-21.0644792,-41.3681327,4.9,1403.0,3180.0,44.11949685534592,4.8,0,SRE Cachoeiro de Itapemirim
32055838,EEEFM MONSENHOR ELIAS TOMASI,MIMOSO DO SUL,-21.0597569,-41.3581031,4.8,5913.0,12220.0,48.387888707037646,6.142857142857143,0,SRE Cachoeiro de Itapemirim
32057474,EEEFM MARCONDES DE SOUZA,MUQUI,-20.9591383,-41.3390219,5.1,4949.0,7300.0,67.79452054794521,0.0,0,SRE Cachoeiro de Itapemirim
32057504,CEEFMTI SENADOR DIRCEU CARDOSO,MUQUI,-20.946975,-41.3363756,4.6,1687.0,3840.0,43.93229166666666,5.705882352941177,0,SRE Cachoeiro de Itapemirim
32058268,EEEFM MERCES GARCIA VIEIRA,SÃO JOSÉ DO CALÇADO,-21.0250382,-41.6564974,4.4,2287.0,4860.0,47.05761316872428,4.25,1,SRE Guaçuí
32058918,EEEFM PRESIDENTE LUEBKE,VARGEM ALTA,-20.6723343,-41.0108486,5.2,3646.0,6700.0,54.4179104477612,5.714285714285714,1,SRE Cachoeiro de Itapemirim
32059310,EEEFM AGOSTINHO AGRIZZI,VARGEM ALTA,-20.7031778,-41.0158501,5.3,2330.0,4240.0,54.95283018867924,5.285714285714286,0,SRE Cachoeiro de Itapemirim
32059850,EEEFM DOMINGOS JOSE MARTINS,MARATAÍZES,-21.02000667,-40.814055,5.0,8027.0,14060.0,57.09103840682788,4.68,0,SRE Cachoeiro de Itapemirim
32059868,EEEM PROF JOSE VEIGA DA SILVA,MARATAÍZES,-21.05656881,-40.85827053,5.7,8227.0,15400.0,53.422077922077925,4.573170731707317,0,SRE Cachoeiro de Itapemirim
32059876,EEEF GRAUNA,ITAPEMIRIM,-21.03306893,-40.91235746,0.0,1687.0,2440.0,69.13934426229508,0.0,0,SRE Cachoeiro de Itapemirim
32059906,EEEFM LEOPOLDINO ROCHA,ITAPEMIRIM,-20.89109444,-40.78265332,5.3,6025.0,11540.0,52.20970537261699,5.75,0,SRE Cachoeiro de Itapemirim
32059965,CEEFMTI WASHINGTON PINHEIRO MEIRELLES,ITAPEMIRIM,-21.0100506,-40.8281957,5.1,3010.0,5920.0,50.8445945945946,5.85,0,SRE Cachoeiro de Itapemirim
32060696,EEEFM ANTONIO JACQUES SOARES,ITAPEMIRIM,-20.99013575,-41.0033133,4.5,1761.0,3680.0,47.85326086956522,5.444444444444445,0,SRE Cachoeiro de Itapemirim
32060920,EEEFM PRESIDENTE KENNEDY,PRESIDENTE KENNEDY,-21.10184432,-41.04508566,5.5,3594.0,6540.0,54.95412844036697,6.2926829268292686,0,SRE Cachoeiro de Itapemirim
32061943,EEEFM PROFESSORA MARIA DA PAZ PIMENTEL,FUNDÃO,-20.0016775,-40.4104581,4.5,3814.0,4980.0,76.5863453815261,4.111111111111111,0,SRE Carapina
32062648,EEEM PROFESSOR AGENOR RORIS,VILA VELHA,-20.3716777,-40.3084554,5.2,10606.0,21240.0,49.93408662900188,6.2,0,SRE Vila Velha
32062710,EEEFM VALDICIO BARBOSA DOS SANTOS,CONCEIÇÃO DA BARRA,-18.2896607,-39.8718243,0.0,545.0,740.0,73.64864864864865,0.0,1,SRE São Mateus
32063199,EEEFM ELZA LEMOS ANDREATTA,VITÓRIA,-20.2765856,-40.3353965,4.0,7424.0,20660.0,35.93417231364956,8.25,0,SRE Carapina
32065027,EEEM AUGUSTO RUSCHI,VIANA,-20.360265,-40.4461417,4.1,916.0,3040.0,30.13157894736842,4.333333333333333,0,SRE Cariacica
32065043,CEEFMTI EWERTON MONTENEGRO GUIMARAES,VIANA,-20.3668796,-40.4177624,5.2,932.0,2520.0,36.98412698412698,0.0,0,SRE Cariacica
32065051,EEEM IRMA DULCE LOPES PONTE,VIANA,-20.347486,-40.4243298,4.2,6631.0,16900.0,39.23668639053255,4.351648351648351,0,SRE Cariacica
32065264,EEEFM FRANCISCA PEIXOTO MIGUEL,SERRA,-20.1377916,-40.2482176,4.3,5363.0,12160.0,44.10361842105263,3.858695652173913,0,SRE Carapina
32065370,EEEFM PROF MARIA OLINDA DE OLIVEIRA MENEZES,SERRA,-20.22064055,-40.22764362,4.2,5000.0,7900.0,63.29113924050633,4.970588235294118,0,SRE Carapina
32066333,EEEFM ZUMBI DOS PALMARES - SERRA,SERRA,-20.2133609,-40.2186142,4.8,6908.0,16020.0,43.1210986267166,4.925,0,SRE Carapina
32069758,EEEFM ASSENTAMENTO OURO VERDE,NOVA VENÉCIA,-18.4586968,-40.4837233,0.0,37.0,60.0,61.66666666666666,0.0,0,SRE Nova Venécia
32070853,EEEF FRANCISCO ALVES MENDES,SERRA,-20.2220673,-40.2247009,0.0,4440.0,7720.0,57.512953367875646,0.0,0,SRE Carapina
32073330,EEEFM MISAEL PINTO NETTO,ARACRUZ,-19.820705,-40.27461,4.7,8402.0,15180.0,55.34914361001317,4.111111111111111,0,SRE Linhares
32073445,EEEFM NEA SALLES NUNES PEREIRA,CARIACICA,-20.3585389,-40.3733934,5.1,4286.0,9580.0,44.73903966597077,6.538461538461538,0,SRE Cariacica
32073704,EEPEF MARIA OLINDA DE MENEZES,PINHEIROS,-18.3549428,-40.3990525,0.0,151.0,160.0,94.375,0.0,1,SRE Nova Venécia
32073712,EEEFM SATURNINO RIBEIRO DOS SANTOS,PINHEIROS,-18.3425818,-40.3815979,0.0,229.0,380.0,60.26315789473684,0.0,1,SRE Nova Venécia
32074425,EEEFM ANTONIO JOSE PEIXOTO MIGUEL,SERRA,-20.0570696,-40.204429,4.8,6020.0,14240.0,42.2752808988764,4.548387096774194,0,SRE Carapina
32075936,EEEFM PROFESSORA ANTONIETA BANHOS FERNANDES,LINHARES,-19.3951751,-40.0396477,4.5,3352.0,7680.0,43.645833333333336,4.0181818181818185,0,SRE Linhares
32076410,EEEFM DR JOSE MOYSES,CARIACICA,-20.3666738,-40.3740524,3.6,4171.0,12540.0,33.261562998405104,5.96875,0,SRE Cariacica
32078170,EEEFM GUILHERME MILANEZE,VARGEM ALTA,-20.60500821,-41.02982787,6.3,2634.0,3900.0,67.53846153846153,4.242424242424242,1,SRE Cachoeiro de Itapemirim
32078315,EEEM SOBREIRO,LARANJA DA TERRA,-19.8250238,-41.1128581,6.2,773.0,1340.0,57.6865671641791,6.666666666666667,0,SRE Afonso Cláudio
32078536,EEEM MENINO JESUS,MUNIZ FREIRE,-20.4013719,-41.42751904,5.2,278.0,600.0,46.333333333333336,0.0,0,SRE Guaçuí
32078552,EEEFM ANTONIO SABATINI SIMONI,MIMOSO DO SUL,-20.97404435,-41.5089343,6.3,2375.0,3880.0,61.21134020618557,5.333333333333333,0,SRE Cachoeiro de Itapemirim
32078587,EEEFM SANTISSIMA TRINDADE,IÚNA,-20.3560363,-41.5314036,5.3,5967.0,11680.0,51.08732876712329,5.848484848484849,1,SRE Guaçuí
32078625,EEEFM GUILHERMINA HULDA KRUGER REINHOLZ,SANTA LEOPOLDINA,-20.1998267,-40.542923,3.5,273.0,880.0,31.022727272727277,5.0,0,SRE Cariacica
32078650,EEEM DUNAS DE ITAUNAS,CONCEIÇÃO DA BARRA,-18.4201912,-39.7094753,3.9,574.0,1440.0,39.86111111111112,6.055555555555555,0,SRE São Mateus
32078722,EEEFM WALLACE CASTELLO DUTRA,SÃO MATEUS,-18.7321625,-39.757661,5.0,5631.0,12820.0,43.92355694227769,4.5,0,SRE São Mateus
32079214,EEEM PROF MARIA CANDIDO KNEIPP,MUNIZ FREIRE,-20.4964704,-41.3351532,6.6,301.0,520.0,57.88461538461539,4.875,0,SRE Guaçuí
32079230,EEEM MARIO GURGEL,VILA VELHA,-20.4443062,-40.3549008,4.0,4474.0,14660.0,30.518417462482947,5.63302752293578,0,SRE Vila Velha
32079338,EEEM PROF RENATO JOSE DA COSTA PACHECO,VITÓRIA,-20.2468334,-40.2716817,5.5,10707.0,22680.0,47.20899470899471,6.8,0,SRE Carapina
32079389,EEEFM VIRGINIA NOVA,RIO NOVO DO SUL,-20.7535096,-40.9684912,4.7,1581.0,2560.0,61.7578125,5.2,0,SRE Cachoeiro de Itapemirim
32079435,EEEM MARIA DALVA GAMA BERNABE,NOVA VENÉCIA,-18.6980753,-40.3941349,4.4,1018.0,2220.0,45.85585585585586,7.363636363636363,1,SRE Nova Venécia
32079451,EEEM ZEFERINO OLIOSI,NOVA VENÉCIA,-18.7856196,-40.5778617,4.3,208.0,660.0,31.51515151515152,2.142857142857143,0,SRE Nova Venécia
32079478,EEEFM PAULO FREIRE,MONTANHA,-18.1115131,-40.3276813,0.0,110.0,160.0,68.75,0.0,0,SRE Nova Venécia
32079486,EEEF OCTAVIANO RODRIGUES DE CARVALHO,PONTO BELO,-18.2747604,-40.4866732,0.0,160.0,220.0,72.72727272727273,0.0,0,SRE Nova Venécia
32079842,EEEFM CANDIDO PORTINARI,SOORETAMA,-19.08864036,-40.13892943,4.8,3308.0,7320.0,45.19125683060109,6.2,0,SRE Linhares
32080204,CEET TALMO LUIZ SILVA,JOÃO NEIVA,-19.7626371,-40.3851993,0.0,0.0,0.0,0.0,0.0,0,SRE Linhares
32080220,EEUEF ASSENTAMENTO ADAO PRETTO,NOVA VENÉCIA,-18.8726296,-40.5249029,0.0,135.0,160.0,84.375,0.0,0,SRE Nova Venécia
32080727,EEEM MATA FRIA,AFONSO CLÁUDIO,-20.08252451,-40.97769189,4.9,0.0,0.0,0.0,7.0,1,SRE Afonso Cláudio
32080735,EEEFM SERRA SEDE,SERRA,-20.126117,-40.3071318,0.0,3637.0,7580.0,47.98153034300792,3.6666666666666665,1,SRE Carapina
32080867,CEEMTI BAIXO GUANDU,BAIXO GUANDU,-19.5149532,-41.0049619,5.2,4369.0,7660.0,57.03655352480418,6.294117647058823,0,SRE Colatina
32081294,EEIEFM ALDEIA CAIEIRAS VELHA,ARACRUZ,-19.92059,-40.17521333,4.3,812.0,1820.0,44.61538461538461,7.333333333333333,0,SRE Linhares
32081308,EEEFM CORA CORALINA,VILA VELHA,-20.47002983,-40.46571024,0.0,0.0,0.0,0.0,6.136363636363637,1,SRE Vila Velha
32081316,EEEFM NELSON MANDELA,VIANA,-20.37803447,-40.4988369,0.0,0.0,0.0,0.0,6.076923076923077,0,SRE Cariacica
32081391,CEEFMTI SAO PEDRO DR AGESANDRO DA COSTA PEREIRA,VITÓRIA,-20.28277448,-40.33914118,5.3,1361.0,3500.0,38.885714285714286,3.1666666666666665,1,SRE Carapina
32081618,CEEFMTI JOAQUIM BEATO,SERRA,-20.1336386,-40.2830477,0.0,1855.0,3880.0,47.80927835051546,6.636363636363637,0,SRE Carapina
32081634,CEEFMTI PASTOR OLIVEIRA DE ARAUJO,VILA VELHA,-20.3545478,-40.3502642,4.6,1765.0,4760.0,37.07983193277311,4.136363636363637,0,SRE Vila Velha
32082037,EEEFM JOSE CUPERTINO,AFONSO CLÁUDIO,-20.0755414,-41.126851,4.7,4453.0,9540.0,46.677148846960165,0.0,0,SRE Afonso Cláudio
32082223,CEEFMTI DR GETUNILDO PIMENTEL,SERRA,-20.21991983,-40.24676043,4.0,2205.0,5060.0,43.57707509881423,4.133333333333334,0,SRE Carapina
32082231,CEEMTI PAULO FREIRE,ANCHIETA,-20.8053972,-40.6357604,5.3,7651.0,13200.0,57.96212121212121,6.470588235294118,0,SRE Vila Velha
32082274,EEEFM ILDA FERREIRA DA FONSECA MARTINS,SÃO GABRIEL DA PALHA,-19.01009069,-40.53970501,5.2,7955.0,13860.0,57.3953823953824,6.138888888888889,0,SRE Nova Venécia
32082533,CEEFMTI ELISA PAIVA,CONCEIÇÃO DO CASTELO,-20.35709,-41.24476333,5.3,1642.0,3120.0,52.62820512820513,4.857142857142857,0,SRE Afonso Cláudio
32083114,EECOR DE COLATINA,COLATINA,-19.31012667,-40.68686,4.8,1013.0,1500.0,67.53333333333333,6.4,0,SRE Colatina
32083823,CEET GIUSEPPE ALTOE,VARGEM ALTA,                              ,                              ,0.0,0.0,0.0,0.0,0.0,1,SRE Cachoeiro de Itapemirim
32083840,EEEF PROFESSORA DEUSZUITA RIBEIRO MACHADO,PEDRO CANÁRIO,                              ,                              ,0.0,593.0,1580.0,37.53164556962025,0.0,0,SRE São Mateus
32094604,EEEM FRANCISCO GUILHERME,SANTA MARIA DE JETIBÁ,-20.1537706,-40.9451415,5.9,688.0,1600.0,43.0,5.0,0,SRE Afonso Cláudio
32096402,EEUEF ROSANGELA LEITE ALVES,MONTANHA,-18.2694094,-40.1686451,0.0,96.0,160.0,60.0,0.0,0,SRE Nova Venécia
32096801,EEEFM AUGUSTO DE OLIVEIRA,CONCEIÇÃO DA BARRA,-18.4344743,-39.9306313,3.9,1948.0,5200.0,37.46153846153846,5.107142857142857,1,SRE São Mateus
32102011,EEEFM ITAMIRA,PONTO BELO,-18.25376167,-40.51289833,0.0,0.0,0.0,0.0,0.0,1,SRE Nova Venécia
32102020,EEEFM PAULO DAMIAO TRISTAO PURINHA,LINHARES,-19.4806467,-40.2930217,0.0,428.0,720.0,59.44444444444444,3.2,0,SRE Linhares
32102046,EEUEF MADRE CRISTINA,PANCAS,-19.3143897,-40.8595416,0.0,0.0,0.0,0.0,0.0,0,SRE Colatina
32134010,EEEFM VILA NOVA DE COLARES,SERRA,-20.1782262,-40.2128266,4.2,5470.0,15540.0,35.1994851994852,4.88,0,SRE Carapina
