CD_ESCOLA,NM_ESCOLA,NM_MUNICIPIO,NM_REGIONAL,TX_ACERTO_24,TX_ACERTO_25,evolucao_pct,cod_inep,latitude,longitude
32000057,EEEFM SEBASTIAO COIMBRA ELIZEU,AGUA DOCE DO NORTE,SRE BARRA DE SAO FRANCISCO,45.911960132890364,44.09678060413355,-1.82,32000057,-18.550061,-40.9775337
32000480,EEEFM OLEGARIO MARTINS,AGUA DOCE DO NORTE,SRE BARRA DE SAO FRANCISCO,35.84935897435897,41.78571428571429,5.94,32000480,-18.41686,-41.12352
32000499,EEEFM DERMEVAL LEITE RIBEIRO,AGUA DOCE DO NORTE,SRE BARRA DE SAO FRANCISCO,56.92708333333333,70.26556776556777,13.34,32000499,-18.4163464,-41.0317018
32000979,EEEFM GOVERNADOR LINDENBERG,BARRA DE SAO FRANCISCO,SRE BARRA DE SAO FRANCISCO,44.20318851626016,47.373492063492066,3.17,32000979,-18.749677,-40.8936694
32000987,CEEFMTI JOAO XXIII,BARRA DE SAO FRANCISCO,SRE BARRA DE SAO FRANCISCO,51.17888888888889,50.08775552343589,-1.09,32000987,-18.7559555,-40.8981092
32001606,EEEFM ALADIM SILVESTRE DE ALMEIDA,BARRA DE SAO FRANCISCO,SRE BARRA DE SAO FRANCISCO,39.43108974358974,50.810810810810814,11.38,32001606,-18.5854224,-40.8870801
32002939,CEEFMTI DANIEL COMBONI,ECOPORANGA,SRE BARRA DE SAO FRANCISCO,61.570460704607044,58.730769230769226,-2.84,32002939,-18.3690006,-40.8297716
32003005,EEEFM ECOPORANGA,ECOPORANGA,SRE BARRA DE SAO FRANCISCO,41.80853457327133,55.32458138389559,13.52,32003005,-18.3724884,-40.8346091
32003790,EEEFM DE JOASSUBA SR ANTONIO PATRICIO DE FONTOURA,ECOPORANGA,SRE BARRA DE SAO FRANCISCO,42.5,41.789021164021165,-0.71,32003790,-18.3735458,-40.8321387
32004273,EEEFM CHRISTIANO DIAS LOPES,MANTENOPOLIS,SRE BARRA DE SAO FRANCISCO,56.288347069597066,49.612154150197625,-6.68,32004273,-18.8650174,-41.1251277
32004303,EEEFM JOB PIMENTEL,MANTENOPOLIS,SRE BARRA DE SAO FRANCISCO,38.75,53.8640873015873,15.11,32004303,-18.8599755,-41.1196113
32004532,EEEFM PALMERINDO VIEIRA CAMPOS,MANTENOPOLIS,SRE BARRA DE SAO FRANCISCO,45.16129032258064,47.34375,2.18,32004532,-18.8890299,-41.0157613
32005067,CEIER DE AGUIA BRANCA,AGUIA BRANCA,SRE BARRA DE SAO FRANCISCO,46.23301985370951,46.95075757575758,0.72,32005067,-19.0164403,-40.6522987
32005105,EEEFM PROFESSORA ANA MARIA CARLETTI QUIUQUI,AGUIA BRANCA,SRE BARRA DE SAO FRANCISCO,42.4375,51.23843021103295,8.8,32005105,-18.9852129,-40.7405355
32005601,CEIER DE BOA ESPERANCA,BOA ESPERANCA,SRE NOVA VENECIA,42.60416666666667,40.766666666666666,-1.84,32005601,-18.5381475,-40.2727633
32005652,EEEFM ANTONIO DOS SANTOS NEVES,BOA ESPERANCA,SRE NOVA VENECIA,53.5551948051948,51.931719496309164,-1.62,32005652,-18.5409241,-40.2984396
32005954,EEEFM SOBRADINHO,BOA ESPERANCA,SRE NOVA VENECIA,50.185185185185176,60.833333333333336,10.65,32005954,-18.428827,-40.3871896
32006330,EEEFM PROF ANA PORTELA DE SA,VILA PAVAO,SRE NOVA VENECIA,57.196969696969695,57.239583333333336,0.04,32006330,-18.6188245,-40.5992
32006330,EEEFM PROF ANA PORTELA DE SA,VILA PAVAO,SRE NOVA VENECIA,57.196969696969695,57.239583333333336,0.04,32006330,-18.6188245,-40.5992
32006349,EEEM DOM DANIEL COMBONI,NOVA VENECIA,SRE NOVA VENECIA,54.78045165843331,57.13787799131569,2.36,32006349,-18.7131139,-40.3985205
32007000,CEIER DE VILA PAVAO,VILA PAVAO,SRE NOVA VENECIA,46.94565217391305,53.47222222222223,6.53,32007000,-18.648928,-40.6139788
32007175,EEEFM ALARICO JOSE DE LIMA,NOVA VENECIA,SRE NOVA VENECIA,60.0,50.79468599033817,-9.21,32007175,-18.8316865,-40.7155985
32007515,EEEFM JOSE ZAMPROGNO,NOVA VENECIA,SRE NOVA VENECIA,56.45833333333333,51.15384615384615,-5.3,32007515,-18.4951432,-40.4662915
32007876,CEEFMTI GOVERNADOR GERSON CAMATA,SAO GABRIEL DA PALHA,SRE NOVA VENECIA,51.88121402407117,56.96428571428571,5.08,32007876,-19.0120073,-40.5351728
32008236,EEEFM VERA CRUZ,SAO GABRIEL DA PALHA,SRE NOVA VENECIA,52.76442307692308,60.0,7.24,32008236,-18.9038819,-40.4480899
32008503,EEEFM ATILIO VIVACQUA,VILA VALERIO,SRE NOVA VENECIA,54.23991228070175,55.498309668695065,1.26,32008503,-18.9986347,-40.3916761
32009038,EEEFM PASTOR ANTONIO NUNES DE CARVALHO,ALTO RIO NOVO,SRE COLATINA,57.705128205128204,54.37726942628903,-3.33,32009038,-19.0572609,-41.0184836
32009461,EEEFM JOSE DAMASCENO FILHO,BAIXO GUANDU,SRE COLATINA,41.09122292632176,43.30952380952381,2.22,32009461,-19.5099286,-41.0192887
32010699,EEEFM PROFESSORA NEA MONTEIRO COSTA,COLATINA,SRE COLATINA,43.45070422535211,50.06182795698925,6.61,32010699,-19.5279957,-40.6624371
32010702,CEEFMTI CONDE DE LINHARES,COLATINA,SRE COLATINA,58.65384615384615,50.25909402882636,-8.39,32010702,-19.5336904,-40.6268822
32010710,EEEFM GERALDO VARGAS NOGUEIRA,COLATINA,SRE COLATINA,51.78790332825203,55.10698504044511,3.32,32010710,-19.5273155,-40.6319705
32010729,EEEFM HONORIO FRAGA,COLATINA,SRE COLATINA,48.598825848773515,59.918186486570605,11.32,32010729,-19.5225188,-40.6363102
32010745,EEEFM PROF CAROLINA PICHLER,COLATINA,SRE COLATINA,32.980769230769226,47.75,14.77,32010745,-19.5197413,-40.6474073
32010753,EEEFM RUBENS RANGEL,COLATINA,SRE COLATINA,44.600401092336575,52.41937410415672,7.82,32010753,-19.53849939,-40.63441309
32011717,EEEFM PROFESSOR SANTOS PINTO,GOVERNADOR LINDENBERG,SRE COLATINA,50.875,51.5671992481203,0.69,32011717,-19.2528618,-40.4624846
32012420,EEEFM IRINEU MORELLO,GOVERNADOR LINDENBERG,SRE COLATINA,58.25498575498575,51.413043478260875,-6.84,32012420,-19.1415206,-40.4670826
32012438,EEEFM PROF CARLOS MENDES,GOVERNADOR LINDENBERG,SRE COLATINA,67.125,56.91287878787878,-10.21,32012438,-19.2250131,-40.5932777
32012713,EEEFM PADRE ANTONIO VOLKERS,MARILANDIA,SRE COLATINA,54.68519882179676,53.62068965517242,-1.06,32012713,-19.4101631,-40.543951
32013272,EEEFM ARARIBOIA,PANCAS,SRE COLATINA,40.88182831661093,47.99284662318536,7.11,32013272,-19.2213903,-40.8535563
32013728,EEEFM SEBASTIANA GRILO,PANCAS,SRE COLATINA,46.28486997635933,50.97222222222222,4.69,32013728,-19.1616831,-40.7729622
32013906,EEEFM JANUARIO RIBEIRO,PANCAS,SRE COLATINA,46.73913043478261,47.37399193548387,0.63,32013906,-18.9729683,-40.8773477
32014236,EEEFM SAO DOMINGOS,SAO DOMINGOS DO NORTE,SRE COLATINA,46.5,52.588981244671785,6.09,32014236,-19.1472732,-40.622489
32014597,EEEFM DOM JOSE DALVIT,MONTANHA,SRE NOVA VENECIA,38.14903846153847,40.79730229120472,2.65,32014597,-18.1266536,-40.3660489
32014627,CEEFMTI PROFESSOR ELPIDIO CAMPOS DE OLIVEIRA,MONTANHA,SRE NOVA VENECIA,44.28030303030303,55.97826086956522,11.7,32014627,-18.1265465,-40.361787
32014775,EEEFM PADRE MANOEL DA NOBREGA,MONTANHA,SRE NOVA VENECIA,42.9,43.839285714285715,0.94,32014775,-18.1960148,-40.2651617
32015070,EEEFM PROF MARIA MAGDALENA DA SILVA,PONTO BELO,SRE NOVA VENECIA,55.82270408163265,61.18914473684211,5.37,32015070,-18.1285429,-40.5386399
32015089,EEEFM DE MUCURICI,MUCURICI,SRE NOVA VENECIA,37.067647058823525,48.111159357359966,11.04,32015089,-18.096572,-40.5215843
32015550,EEEFM SAO JOAO DO SOBRADO,PINHEIROS,SRE NOVA VENECIA,46.36488970588235,57.2972972972973,10.93,32015550,-18.3183176,-40.4050936
32015631,EEEM NOSSA SENHORA DE LOURDES,PINHEIROS,SRE NOVA VENECIA,49.15166516651665,52.87962103358804,3.73,32015631,-18.410439,-40.2119883
32016158,EEEM PROF JOAQUIM FONSECA,CONCEICAO DA BARRA,SRE SAO MATEUS,47.692374051069706,54.98002197582659,7.29,32016158,-18.5945404,-39.7304975
32016662,EEEFM IRMA TEREZA ALTOE,JAGUARE,SRE SAO MATEUS,40.49918166939443,41.338383838383834,0.84,32016662,-18.9119032,-40.0773279
32016700,EEEM PEDRO PAULO GROBERIO,JAGUARE,SRE SAO MATEUS,49.91031840380414,52.69367528067866,2.78,32016700,-18.9066645,-40.0734977
32017243,EEEFM DR EDWARD ABREU DO NASCIMENTO,PEDRO CANARIO,SRE SAO MATEUS,49.86595744680851,53.24328259687815,3.38,32017243,-18.2959021,-39.9589193
32017391,CEEFMTI MANOEL DUARTE DA CUNHA,PEDRO CANARIO,SRE SAO MATEUS,50.55555555555556,63.43582887700535,12.88,32017391,-18.2974642,-39.9497569
32017529,EEEFM PROF LUIZA BASTOS FARIA,PEDRO CANARIO,SRE SAO MATEUS,61.25,68.38526570048309,7.14,32017529,-18.0880829,-40.1076474
32017995,EEEFM DR EMILIO ROBERTO ZANOTTI,SAO MATEUS,SRE SAO MATEUS,50.63430583501006,54.24442190669371,3.61,32017995,-18.71815,-39.85921
32018096,EEEFM SANTO ANTONIO,SAO MATEUS,SRE SAO MATEUS,45.57061770674784,50.21911239964318,4.65,32018096,-18.7211407,-39.8804851
32018100,CEEFMTI MARITA MOTTA SANTOS,SAO MATEUS,SRE SAO MATEUS,54.473684210526315,54.80263157894737,0.33,32018100,-18.7187709,-39.8595722
32018169,EEEM CECILIANO ABEL DE ALMEIDA,SAO MATEUS,SRE SAO MATEUS,49.42263059167647,46.10928714291106,-3.31,32018169,-18.7158918,-39.8564812
32019050,EEEFM CORREGO DE SANTA MARIA,SAO MATEUS,SRE SAO MATEUS,47.80023640661939,42.70292207792208,-5.1,32019050,-18.5788948,-40.1429571
32019459,EEEFM NESTOR GOMES,SAO MATEUS,SRE SAO MATEUS,45.71497584541063,46.74611255090707,1.03,32019459,-18.7330585,-40.2210233
32019807,CEEMTI MONSENHOR GUILHERME SCHMITZ,ARACRUZ,SRE LINHARES,45.700354250327884,66.57168373422243,20.87,32019807,-19.8218743,-40.2829456
32020023,EEEFM PROFESSOR APARICIO ALVARENGA,ARACRUZ,SRE LINHARES,48.81578947368421,56.25,7.43,32020023,-19.6781495,-40.2607628
32020180,EEEFM DYLIO PENEDO,ARACRUZ,SRE LINHARES,45.9840620420127,50.25,4.27,32020180,-19.58777,-40.19402
32020333,EEEFM ERMENTINA LEAL,ARACRUZ,SRE LINHARES,41.55357142857142,51.613493064312735,10.06,32020333,-19.7460028,-40.0406267
32020341,EEEFM CABOCLO BERNARDO,ARACRUZ,SRE LINHARES,42.388888888888886,37.54545454545455,-4.84,32020341,-19.8251491,-40.060233
32020643,EEEFM PRIMO BITTI,ARACRUZ,SRE LINHARES,62.25807235946314,46.69414157147802,-15.56,32020643,-19.92853319,-40.13921256
32020910,CEEFMTI NAIR MIRANDA,FUNDAO,SRE CARAPINA,47.797999444290085,47.20251554550593,-0.6,32020910,-19.9372345,-40.4036443
32021194,EEEFM NARCEU DE PAIVA FILHO,IBIRACU,SRE LINHARES,46.05421686746988,47.594339622641506,1.54,32021194,-19.8310633,-40.3660917
32021550,EEEFM JOAO NEIVA,JOAO NEIVA,SRE LINHARES,49.40921829646682,47.143784153005456,-2.27,32021550,-19.7569761,-40.3818939
32021933,CEEFMTI BARTOUVINO COSTA,LINHARES,SRE LINHARES,44.79469854469855,48.61917098445596,3.82,32021933,-19.4024747,-40.0660058
32022050,EEEFM JOSE DE CALDAS BRITO,LINHARES,SRE LINHARES,39.82380364733306,76.81251491290861,36.99,32022050,-19.3972965,-40.0602209
32022158,EEEFM PROFESSORA REGINA BANHOS PAIXAO,LINHARES,SRE LINHARES,50.98401598401598,51.281158020603385,0.3,32022158,-19.3599664,-40.05252256
32022212,EEEFM POLIVALENTE DE LINHARES I,LINHARES,SRE LINHARES,43.017094655120935,44.468340221439874,1.45,32022212,-19.381038,-40.0600389
32022360,EEEM EMIR DE MACEDO GOMES,LINHARES,SRE LINHARES,49.33640505280596,51.041796488032475,1.71,32022360,-19.3963821,-40.0634942
32022778,EEEFM PROFESSOR MANOEL ABREU,LINHARES,SRE LINHARES,39.06818181818181,43.75053146258503,4.68,32022778,-19.475907,-40.1168934
32023014,EEEFM ARMANDO BARBOSA QUITIBA,SOORETAMA,SRE LINHARES,38.9237231556693,41.7681742508324,2.84,32023014,-19.1915638,-40.096769
32024550,EEEFM MANOEL SALUSTIANO DE SOUZA,LINHARES,SRE LINHARES,59.55314009661836,49.70646625070901,-9.85,32024550,-19.369234,-40.44753
32025149,EEEFM BANANAL,RIO BANANAL,SRE LINHARES,45.9374246443212,47.55822480999156,1.62,32025149,-19.2718911,-40.3280277
32025920,CEEFMTI AFONSO CLAUDIO,AFONSO CLAUDIO,SRE AFONSO CLAUDIO,52.69736842105263,57.51698071866784,4.82,32025920,-20.0754704,-41.1269763
32026480,EEEFM LEOGILDO SEVERIANO DE SOUZA,BREJETUBA,SRE AFONSO CLAUDIO,59.285714285714285,57.75,-1.54,32026480,-20.1105215,-41.339661
32026536,EEEFM MARLENE BRANDAO,BREJETUBA,SRE AFONSO CLAUDIO,57.51358695652174,59.223684210526315,1.71,32026536,-20.1823024,-41.2667904
32026552,EEEFM ALVARO CASTELO,BREJETUBA,SRE AFONSO CLAUDIO,44.37698412698413,46.45411605937922,2.08,32026552,-20.1445137,-41.2877011
32026846,EEEFM SAO JORGE,BREJETUBA,SRE AFONSO CLAUDIO,47.0,48.45238095238095,1.45,32026846,-19.9754928,-41.2802121
32027206,EEEFM JOSE ROBERTO CHRISTO,AFONSO CLAUDIO,SRE AFONSO CLAUDIO,53.80681818181819,59.23076923076923,5.42,32027206,-20.18294,-41.1937862
32027532,EEEFM FAZENDA CAMPORES,BREJETUBA,SRE AFONSO CLAUDIO,73.75,64.0,-9.75,32027532,-20.2530189,-41.2378654
32027540,EEEFM JOSE GIESTAS,AFONSO CLAUDIO,SRE AFONSO CLAUDIO,57.916666666666664,57.70967741935484,-0.21,32027540,-20.2009035,-41.0454844
32027567,EEEFM MARIA DE ABREU ALVIM,AFONSO CLAUDIO,SRE AFONSO CLAUDIO,47.25609756097562,55.1,7.84,32027567,-20.2141865,-41.1036842
32027753,EEEFM ELVIRA BARROS,AFONSO CLAUDIO,SRE AFONSO CLAUDIO,74.43548387096774,68.0942118226601,-6.34,32027753,-20.0043116,-41.0292317
32028580,EEEFM TEOFILO PAULINO,DOMINGOS MARTINS,SRE AFONSO CLAUDIO,55.7648401826484,56.66645556794001,0.9,32028580,-20.36821183,-40.66284983
32028806,EEEFM PEDRA AZUL,DOMINGOS MARTINS,SRE AFONSO CLAUDIO,55.38256606990622,56.81818181818182,1.44,32028806,-20.3815491,-41.0318146
32029012,EEEFM VICTORIO BRAVIM,MARECHAL FLORIANO,SRE CARIACICA,61.796875,59.645970467888276,-2.15,32029012,-20.4848589,-40.7715087
32029292,EEEFM GISELA SALLOKER FAYET,DOMINGOS MARTINS,SRE AFONSO CLAUDIO,59.97463768115942,62.92857142857143,2.95,32029292,-20.3167593,-40.8037641
32029306,EEEFM PONTO DO ALTO,DOMINGOS MARTINS,SRE AFONSO CLAUDIO,61.047714078374455,55.8068783068783,-5.24,32029306,-20.2866495,-40.816403
32029438,EEEFM LUIZ JOUFFROY,LARANJA DA TERRA,SRE AFONSO CLAUDIO,62.95883940620783,59.9468085106383,-3.01,32029438,-19.900281,-41.0554862
32029594,EEEFM JOAQUIM CAETANO DE PAIVA,LARANJA DA TERRA,SRE AFONSO CLAUDIO,60.11904761904762,58.823529411764696,-1.3,32029594,-19.8791548,-40.9604727
32029993,EEEFM EMILIO OSCAR HULLE,MARECHAL FLORIANO,SRE CARIACICA,57.994891443167305,65.625,7.63,32029993,-20.4134908,-40.6744077
32030177,EEEFM FIORAVANTE CALIMAN,VENDA NOVA DO IMIGRANTE,SRE AFONSO CLAUDIO,56.036798117494314,56.56011593680543,0.52,32030177,-20.3285204,-41.1332742
32030584,EEEFM EURICO SALLES,ITAGUACU,SRE COLATINA,42.29246794871794,62.010233918128655,19.72,32030584,-19.8037324,-40.8560535
32030959,EEEFM FABIANO FRANCISCO TOMASINI,ITAGUACU,SRE COLATINA,85.625,82.85714285714286,-2.77,32030959,-19.6939128,-40.9211714
32030983,EEEFM ALFREDO LEMOS,ITAGUACU,SRE COLATINA,47.4,55.43103448275862,8.03,32030983,-19.6646687,-40.8356422
32031238,EEEFM ALTO JATIBOCAS,ITARANA,SRE COLATINA,57.404411764705884,53.18181818181818,-4.22,32031238,-20.0000755,-40.8910223
32031289,EEEFM PROF ALEYDE COSME,ITARANA,SRE COLATINA,63.566308243727605,55.163725490196086,-8.4,32031289,-19.8695527,-40.8749741
32031661,EEEFM ALICE HOLZMEISTER,SANTA LEOPOLDINA,SRE CARIACICA,51.83210784313725,50.40972222222222,-1.42,32031661,-20.1014983,-40.5287555
32032200,EEEFM FREDERICO BOLDT,SANTA MARIA DE JETIBA,SRE AFONSO CLAUDIO,53.416666666666664,55.258620689655174,1.84,32032200,-20.09625595,-40.67577589
32032234,EEEFM SAO LUIS,SANTA MARIA DE JETIBA,SRE AFONSO CLAUDIO,48.745543672014264,63.89588859416446,15.15,32032234,-20.0033431,-40.7381924
32032269,EEEFM PROF HERMANN BERGER,SANTA MARIA DE JETIBA,SRE AFONSO CLAUDIO,63.125,60.083333333333336,-3.04,32032269,-20.0493089,-40.703717
32032277,EEEFM GRACA ARANHA,SANTA MARIA DE JETIBA,SRE AFONSO CLAUDIO,59.50819672131148,59.72654496483616,0.22,32032277,-20.0294039,-40.7428789
32032579,EEEFM FAZENDA EMILIO SCHROEDER,SANTA MARIA DE JETIBA,SRE AFONSO CLAUDIO,49.84375,68.70689655172414,18.86,32032579,-20.1234843,-40.84027394
32032633,EEEFM ALTO RIO POSSMOSER,SANTA MARIA DE JETIBA,SRE AFONSO CLAUDIO,61.02564102564103,54.32432432432432,-6.7,32032633,-20.0664215,-40.8435108
32032951,EEEFM JOSE PINTO COELHO,SANTA TERESA,SRE CARAPINA,58.760495801679326,56.06884057971014,-2.69,32032951,-19.9397712,-40.6091997
32033478,EEEFM FREDERICO PRETTI,SANTA TERESA,SRE CARAPINA,62.445958646616546,61.08885017421602,-1.36,32033478,-19.8129174,-40.6774998
32033540,EEEFM DAVID ROLDI,SAO ROQUE DO CANAA,SRE COLATINA,49.30052790346908,49.75553797468355,0.46,32033540,-19.7513152,-40.6572632
32033796,EEEFM MARIA DE LOURDES POYARES LABUTO,CARIACICA,SRE CARIACICA,41.044326241134755,43.55254902872014,2.51,32033796,-20.302642,-40.3936796
32033796,EEEFM MARIA DE LOURDES POYARES LABUTO,CARIACICA,SRE CARIACICA,41.044326241134755,43.55254902872014,2.51,32033796,-20.302642,-40.3936796
32033826,EEEFM JOSE RODRIGUES COUTINHO,CARIACICA,SRE CARIACICA,44.23035298035298,45.833138992537314,1.6,32033826,-20.3011387,-40.4050813
32033940,EEEFM SATURNINO RANGEL MAURO,CARIACICA,SRE CARIACICA,39.94426188961911,44.44868433373912,4.5,32033940,-20.262265,-40.381915
32034016,EEEFM ANA LOPES BALESTRERO,CARIACICA,SRE CARIACICA,41.356818974537845,50.77628319801844,9.42,32034016,-20.2892883,-40.37809
32034040,EEEFM SAO JOAO BATISTA - CARIACICA,CARIACICA,SRE CARIACICA,40.928163322185064,43.844377741861,2.92,32034040,-20.27374555,-40.41355426
32034644,EEEFM JOSE VITOR FILHO,CARIACICA,SRE CARIACICA,44.010000591750995,47.26734889670612,3.26,32034644,-20.33288001,-40.40792273
32034652,EEEFM JESUS CRISTO REI,CARIACICA,SRE CARIACICA,46.17293233082707,47.77394923580786,1.6,32034652,-20.3492974,-40.4063497
32034679,EEEFM JOAO CRISOSTOMO BELESA,CARIACICA,SRE CARIACICA,39.805428384565076,46.9520202020202,7.15,32034679,-20.3126967,-40.3673602
32034857,CEEFMTI PROFESSORA MARIA PENEDO,CARIACICA,SRE CARIACICA,46.79824561403509,46.887745378311415,0.09,32034857,-20.3264069,-40.3743092
32034954,EEEFM THEODOMIRO RIBEIRO COELHO,CARIACICA,SRE CARIACICA,42.25262368815592,47.726087275933,5.47,32034954,-20.3353908,-40.4229679
32035004,EEEFM ALZIRA RAMOS,CARIACICA,SRE CARIACICA,39.333976833976834,37.174149040481865,-2.16,32035004,-20.3806658,-40.3696219
32035012,EEEFM ARY PARREIRAS,CARIACICA,SRE CARIACICA,50.50061464803312,49.83059280442092,-0.67,32035012,-20.3371484,-40.3955714
32035039,EEEFM HUNNEY EVEREST PIOVESAN,CARIACICA,SRE CARIACICA,43.802140410958906,44.537412634906524,0.74,32035039,-20.3469718,-40.38694
32035063,EEEFM PROF MARIA DE LOURDES SANTOS SILVA,CARIACICA,SRE CARIACICA,45.281205164992826,52.65040650406503,7.37,32035063,-20.3294737,-40.3682496
32035080,EEEFM PROF JOAQUIM BARBOSA QUITIBA,CARIACICA,SRE CARIACICA,41.54891500252325,44.02331920048455,2.47,32035080,-20.3287307,-40.390851
32035098,CEEFMTI PROFESSOR JOSE LEAO NUNES,CARIACICA,SRE CARIACICA,53.874663072776286,47.75,-6.12,32035098,-20.3451273,-40.3652207
32035500,EEEFM PROFESSOR JOAO ANTUNES DAS DORES,SERRA,SRE CARAPINA,38.5812030075188,45.16376782620285,6.58,32035500,-20.1345597,-40.2867927
32035519,EEEFM PROF JOAO LOYOLA,SERRA,SRE CARAPINA,39.04345331994837,46.64384226884227,7.6,32035519,-20.1237235,-40.3079923
32035527,EEEM CLOVIS BORGES MIGUEL,SERRA,SRE CARAPINA,48.603204974886395,53.560692853246046,4.96,32035527,-20.1307738,-40.3083182
32036124,EEEFM ELICE BAPTISTA GAUDIO,SERRA,SRE CARAPINA,37.56069171932158,47.116030092592595,9.56,32036124,-20.1411661,-40.2451831
32036205,EEEFM MARINETE DE SOUZA LIRA,SERRA,SRE CARAPINA,43.13652102307677,42.3822768750305,-0.75,32036205,-20.175235,-40.2080685
32036442,EEEFM NOVA CARAPINA,SERRA,SRE CARAPINA,40.47916848252419,50.517857142857146,10.04,32036442,-20.1534248,-40.2658962
32036493,EEEFM PROF JURACI MACHADO,SERRA,SRE CARAPINA,36.75,46.865671641791046,10.12,32036493,-20.1748239,-40.243952
32036523,EEEFM ROMULO CASTELLO,SERRA,SRE CARAPINA,43.700917899031104,50.10752025361043,6.41,32036523,-20.2311466,-40.2730487
32036531,EEEFM SIZENANDO PECHINCHA,SERRA,SRE CARAPINA,44.08297533165816,53.935115667964894,9.85,32036531,-20.171372,-40.2582297
32036558,EEEFM BELMIRO TEIXEIRA PIMENTA,SERRA,SRE CARAPINA,46.42695330559408,47.02307162534436,0.6,32036558,-20.2377402,-40.2762903
32036566,EEEFM CLOTILDE RATO,SERRA,SRE CARAPINA,45.127286821705425,44.53137398522859,-0.6,32036566,-20.2474956,-40.2644607
32036582,EEEFM PROF HILDA MIRANDA NASCIMENTO,SERRA,SRE CARAPINA,53.750152091254755,58.97573770491803,5.23,32036582,-20.1520369,-40.2514087
32037163,EEEFM FRANCISCO NASCIMENTO,SERRA,SRE CARAPINA,61.276208026208025,64.14945919370697,2.87,32037163,-20.1590283,-40.1870433
32037180,EEEFM JACARAIPE,SERRA,SRE CARAPINA,39.601733119615304,52.14757966545183,12.55,32037180,-20.1390353,-40.1917817
32037260,EEEFM SILVIO EGITO SOBRINHO,SERRA,SRE CARAPINA,38.564160189780566,45.729826546003025,7.17,32037260,-20.1974805,-40.2782487
32037350,EEEFM LARANJEIRAS,SERRA,SRE CARAPINA,37.42424242424242,39.0641783029001,1.64,32037350,-20.1844044,-40.2694572
32037368,EEEFM ARISTOBULO BARBOSA LEAO,SERRA,SRE CARAPINA,46.858613445378154,47.31056585973956,0.45,32037368,-20.2091087,-40.2626781
32037775,EEEFM MARIA DE NOVAES PINHEIRO,VIANA,SRE CARIACICA,46.061643835616444,44.57077180273056,-1.49,32037775,-20.361616,-40.4046052
32037791,EEEFM NELSON VIEIRA PIMENTEL,VIANA,SRE CARIACICA,42.361696925239926,52.1693034723649,9.81,32037791,-20.3915561,-40.4964838
32038461,EEEFM TERRA VERMELHA,VILA VELHA,SRE VILA VELHA,36.14383012820513,39.13986013986014,3.0,32038461,-20.4451476,-40.3520862
32038488,EEEFM AGENOR DE SOUZA LE,VILA VELHA,SRE VILA VELHA,47.51937689969605,54.46407211209843,6.94,32038488,-20.3461491,-40.2988379
32038496,EEEFM FRANCELINA CARNEIRO SETUBAL,VILA VELHA,SRE VILA VELHA,52.07127242575004,54.78818062371991,2.72,32038496,-20.37256204,-40.30759681
32038500,EEEFM LUIZ MANOEL VELLOZO,VILA VELHA,SRE VILA VELHA,44.86613762425175,43.220886327503976,-1.65,32038500,-20.3324153,-40.3126002
32038534,EEEFM PROF GERALDO COSTA ALVES,VILA VELHA,SRE VILA VELHA,45.90365585486531,46.89424737611266,0.99,32038534,-20.3547768,-40.3035877
32038755,EEEM GODOFREDO SCHNEIDER,VILA VELHA,SRE VILA VELHA,49.78877594111969,55.847456762930335,6.06,32038755,-20.3296627,-40.2926359
32038852,EEEFM ADOLFINA ZAMPROGNO,VILA VELHA,SRE VILA VELHA,44.30956742285473,45.60857142857142,1.3,32038852,-20.3375636,-40.3371604
32038941,EEEM DR FRANCISCO FREITAS LIMA,VILA VELHA,SRE VILA VELHA,42.76713682015257,50.91689189189189,8.15,32038941,-20.3328604,-40.3344365
32039085,EEEM BENICIO GONCALVES,VILA VELHA,SRE VILA VELHA,54.144394512772,57.10176246070947,2.96,32039085,-20.3736894,-40.3505495
32039352,CEEFMTI ASSISOLINA ASSIS ANDRADE,VILA VELHA,SRE VILA VELHA,38.69969040247678,55.65573770491803,16.96,32039352,-20.3392717,-40.3232333
32039387,EEEFM CATHARINA CHEQUER,VILA VELHA,SRE VILA VELHA,43.98886328725038,49.13461538461539,5.15,32039387,-20.3686608,-40.3200622
32039409,EEEFM FLORENTINO AVIDOS,VILA VELHA,SRE VILA VELHA,44.14266513056836,48.6120012702812,4.47,32039409,-20.3531491,-40.3171178
32039565,EEEFM MARCILIO DIAS,VILA VELHA,SRE VILA VELHA,45.702560240963855,52.74206449440094,7.04,32039565,-20.4249101,-40.3268964
32039603,EEEFM JUDITH DA SILVA GOES COUTINHO,VILA VELHA,SRE VILA VELHA,43.65676728334956,61.63583252190847,17.98,32039603,-20.5171539,-40.361287
32039727,CEEFMTI GALDINO ANTONIO VIEIRA,VILA VELHA,SRE VILA VELHA,39.55223880597015,46.507130124777184,6.95,32039727,-20.347439,-40.3303467
32039867,EEEM ORMANDA GONCALVES,VILA VELHA,SRE VILA VELHA,51.69678714859438,49.80374587830504,-1.89,32039867,-20.3467471,-40.3547719
32039883,EEEFM SILVIO ROCIO,VILA VELHA,SRE VILA VELHA,38.84583333333333,48.42672413793103,9.58,32039883,-20.3300292,-40.348825
32040067,EEEM COLEGIO ESTADUAL DO ESPIRITO SANTO,VITORIA,SRE CARAPINA,44.15850361131332,49.10658649361989,4.95,32040067,-20.3182174,-40.3243934
32040288,EEEM GOMES CARDIM,VITORIA,SRE CARAPINA,34.57332900713822,40.56221198156682,5.99,32040288,-20.3177567,-40.3301648
32040334,EEEFM IRMA MARIA HORTA,VITORIA,SRE CARAPINA,45.37492995236761,47.79341869464717,2.42,32040334,-20.2980884,-40.2941857
32040695,EEEFM AFLORDIZIO CARVALHO DA SILVA,VITORIA,SRE CARAPINA,41.287989479836355,38.504622344610546,-2.78,32040695,-20.2952586,-40.3109794
32040725,EEEFM MAJOR ALFREDO PEDRO RABAYOLLI,VITORIA,SRE CARAPINA,37.54137115839243,54.0097499573306,16.47,32040725,-20.3154936,-40.3580188
32040733,EEEFM MARIA ORTIZ,VITORIA,SRE CARAPINA,47.75753660063677,49.801713815297106,2.04,32040733,-20.3209781,-40.3405649
32040784,CEEMTI PROF FERNANDO DUARTE RABELO,VITORIA,SRE CARAPINA,46.997201189204254,51.459859584859586,4.46,32040784,-20.3094974,-40.2947334
32041560,EEEFM ALMIRANTE BARROSO,VITORIA,SRE CARAPINA,45.94631548647092,51.200836233022784,5.25,32041560,-20.2669944,-40.299434
32041640,EEEM ARNULPHO MATTOS,VITORIA,SRE CARAPINA,53.54620700739312,56.18315374574493,2.64,32041640,-20.2720138,-40.2939428
32041756,EEEFM CAMILA MOTTA,ALFREDO CHAVES,SRE VILA VELHA,57.95588235294118,59.733333333333334,1.78,32041756,-20.6381629,-40.7465624
32042647,EEEFM CORONEL GOMES DE OLIVEIRA,ANCHIETA,SRE VILA VELHA,41.093819723337795,52.82838983050847,11.73,32042647,-20.7996681,-40.6421648
32043490,EEEFM ANGELICA PAIXAO,GUARAPARI,SRE VILA VELHA,39.427692307692304,49.763273255340515,10.34,32043490,-20.6616597,-40.5042247
32043554,EEEFM MANOEL ROZINDO DA SILVA,GUARAPARI,SRE VILA VELHA,54.43594858156029,55.4375,1.0,32043554,-20.7379968,-40.5389735
32043651,EEEFM ZENOBIA LEAO,GUARAPARI,SRE VILA VELHA,47.53350379121848,48.73670641314857,1.2,32043651,-20.67421754,-40.50551745
32043660,EEEFM ZULEIMA FORTES FARIA,GUARAPARI,SRE VILA VELHA,50.745793454769995,51.93624102294622,1.19,32043660,-20.6638097,-40.5075077
32043686,EEEM DOUTOR SILVA MELLO,GUARAPARI,SRE VILA VELHA,48.588644120563615,51.248545645449646,2.66,32043686,-20.67295135,-40.50267284
32043694,EEEFM LYRA RIBEIRO SANTOS,GUARAPARI,SRE VILA VELHA,47.0,47.55353666450357,0.55,32043694,-20.6831843,-40.5149008
32043830,EEEM GUARAPARI,GUARAPARI,SRE VILA VELHA,50.77626918536009,54.149750830564784,3.37,32043830,-20.6711598,-40.4974091
32044364,EEEFM CEL ANTONIO DUARTE,ICONHA,SRE CACHOEIRO DE ITAPEMIRIM,55.143678160919535,55.90021929824562,0.76,32044364,-20.7895301,-40.8159331
32044747,EEEFM PROFESSORA FILOMENA QUITIBA,PIUMA,SRE VILA VELHA,48.80113636363636,51.89738101813495,3.1,32044747,-20.83773565,-40.72666275
32044950,EEEFM WALDEMIRO HEMERLY,RIO NOVO DO SUL,SRE CACHOEIRO DE ITAPEMIRIM,50.411392405063296,59.21058994197292,8.8,32044950,-20.8638162,-40.9323705
32045360,EEEFM PROFESSOR PEDRO SIMAO,ALEGRE,SRE COMENDADORA JUREMA MORETZ SOHN,39.03354978354979,48.052026618269814,9.02,32045360,-20.7664681,-41.5458981
32045379,CEEFMTI ARISTEU AGUIAR,ALEGRE,SRE COMENDADORA JUREMA MORETZ SOHN,47.64705882352942,48.85416666666667,1.21,32045379,-20.7589086,-41.5374543
32045719,EEEFM ANA MONTEIRO DE PAIVA,ALEGRE,SRE COMENDADORA JUREMA MORETZ SOHN,50.38461538461539,71.25,20.87,32045719,-20.611608,-41.4496379
32045867,EEEFM OSCAR DE ALMEIDA GAMA,ALEGRE,SRE COMENDADORA JUREMA MORETZ SOHN,71.66666666666666,68.92857142857143,-2.74,32045867,-20.5928034,-41.555549
32046022,EEEFM JOSE CORRENTE,ALEGRE,SRE COMENDADORA JUREMA MORETZ SOHN,51.77083333333333,62.83653846153846,11.07,32046022,-20.8684109,-41.5716169
32046103,EEEFM SIRENA REZENDE FONSECA,ALEGRE,SRE COMENDADORA JUREMA MORETZ SOHN,61.05263157894737,56.14864864864865,-4.9,32046103,-20.7647567,-41.592005
32046383,EEEFM JUVENAL NOLASCO,DIVINO DE SAO LOURENCO,SRE COMENDADORA JUREMA MORETZ SOHN,48.36925694838344,47.88506012950971,-0.48,32046383,-20.6223125,-41.6866183
32046634,EEEFM PEDRO DE ALCANTARA GALVEAS,DORES DO RIO PRETO,SRE COMENDADORA JUREMA MORETZ SOHN,47.11864406779661,46.59977703455965,-0.52,32046634,-20.692903,-41.8489949
32046901,EEEFM ANTONIO CARNEIRO RIBEIRO,GUACUI,SRE COMENDADORA JUREMA MORETZ SOHN,48.54080733298078,53.76258293296728,5.22,32046901,-20.770824,-41.6788325
32048092,EEEFM ANTONIO LEMOS JUNIOR,IBITIRAMA,SRE COMENDADORA JUREMA MORETZ SOHN,45.658831908831914,51.283712321523005,5.62,32048092,-20.5388465,-41.6612205
32048106,EEEFM OLAVO RODRIGUES DA COSTA,IBITIRAMA,SRE COMENDADORA JUREMA MORETZ SOHN,58.125,62.08670715249662,3.96,32048106,-20.5133586,-41.7159909
32048459,EEEFM BERNARDO HORTA,IRUPI,SRE COMENDADORA JUREMA MORETZ SOHN,54.36144578313253,52.07201086956522,-2.29,32048459,-20.3459965,-41.6411507
32048920,CEEFMTI HENRIQUE COUTINHO,IUNA,SRE COMENDADORA JUREMA MORETZ SOHN,53.89329805996473,59.868326118326124,5.98,32048920,-20.347524,-41.5323537
32049242,EEEFM PADRE AFONSO BRAZ,IUNA,SRE COMENDADORA JUREMA MORETZ SOHN,55.847457627118644,49.705615942028984,-6.14,32049242,-20.2771509,-41.7778903
32049536,CEEFMTI BRAULIO FRANCO,MUNIZ FREIRE,SRE COMENDADORA JUREMA MORETZ SOHN,57.00075786282682,60.36137804130035,3.36,32049536,-20.4629482,-41.4130894
32050364,EEEFM ARQUIMIMO MATTOS,MUNIZ FREIRE,SRE COMENDADORA JUREMA MORETZ SOHN,52.95570916538658,57.03667685468186,4.08,32050364,-20.336727,-41.3902912
32050984,EEEFM CANDIDA POVOA,APIACA,SRE COMENDADORA JUREMA MORETZ SOHN,37.995652173913044,49.38775510204082,11.39,32050984,-21.15134197,-41.56941055
32051328,EEEFM FERNANDO DE ABREU,ATILIO VIVACQUA,SRE CACHOEIRO DE ITAPEMIRIM,42.81292021515016,43.63560106444521,0.82,32051328,-20.9128758,-41.1963302
32051840,EEEFM HORACIO PLINIO,BOM JESUS DO NORTE,SRE COMENDADORA JUREMA MORETZ SOHN,48.625,50.21367521367522,1.59,32051840,-21.1327674,-41.6782577
32052103,EEEM CEI ATTILA DE ALMEIDA MIRANDA,CACHOEIRO DE ITAPEMIRIM,SRE CACHOEIRO DE ITAPEMIRIM,48.3179012345679,59.62054462029525,11.3,32052103,-20.8423045,-41.12856382
32052189,EEEFM AGOSTINHO SIMONATO,CACHOEIRO DE ITAPEMIRIM,SRE CACHOEIRO DE ITAPEMIRIM,46.92525917623985,53.447334320622,6.52,32052189,-20.84987253,-41.14631918
32052189,EEEFM AGOSTINHO SIMONATO,CACHOEIRO DE ITAPEMIRIM,SRE CACHOEIRO DE ITAPEMIRIM,46.92525917623985,53.447334320622,6.52,32052189,-20.84987253,-41.14631918
32052308,CEEFMTI FRANCISCO COELHO AVILA JUNIOR,CACHOEIRO DE ITAPEMIRIM,SRE CACHOEIRO DE ITAPEMIRIM,46.84426229508196,49.77565392354125,2.93,32052308,-20.85340404,-41.09369801
32052316,EEEFM FRATERNIDADE E LUZ,CACHOEIRO DE ITAPEMIRIM,SRE CACHOEIRO DE ITAPEMIRIM,55.527554800864465,67.34279069767442,11.82,32052316,-20.85419856,-41.11223526
32052405,EEEFM LIONS SEBASTIAO PAIVA VIDAURRE,CACHOEIRO DE ITAPEMIRIM,SRE CACHOEIRO DE ITAPEMIRIM,47.59915388683237,54.21092421092421,6.61,32052405,-20.8324401,-41.1561586
32052529,EEEFM PRESIDENTE GETULIO VARGAS,CACHOEIRO DE ITAPEMIRIM,SRE CACHOEIRO DE ITAPEMIRIM,49.640742435588095,51.39438535740787,1.75,32052529,-20.8419193,-41.1144427
32052545,EEEFM PROF CLAUDIONOR RIBEIRO,CACHOEIRO DE ITAPEMIRIM,SRE CACHOEIRO DE ITAPEMIRIM,51.22242647058823,57.067080710431654,5.84,32052545,-20.84268949,-41.12630747
32052618,EEEFM PROF HOSANA SALLES,CACHOEIRO DE ITAPEMIRIM,SRE CACHOEIRO DE ITAPEMIRIM,49.66525634644101,58.111338797814206,8.45,32052618,-20.8313409,-41.1760536
32052693,EEEFM WILSON RESENDE,CACHOEIRO DE ITAPEMIRIM,SRE CACHOEIRO DE ITAPEMIRIM,45.86021505376344,61.82432432432432,15.96,32052693,-20.6806538,-41.3473509
32052731,CEEFMTI LICEU MUNIZ FREIRE,CACHOEIRO DE ITAPEMIRIM,SRE CACHOEIRO DE ITAPEMIRIM,47.421875,50.04716981132075,2.63,32052731,-20.8530326,-41.1063251
32052847,EEEFM PROF PETRONILHA VIDIGAL,CACHOEIRO DE ITAPEMIRIM,SRE CACHOEIRO DE ITAPEMIRIM,39.73214285714286,55.26754385964912,15.54,32052847,-20.728055,-41.13268167
32053860,EEEFM ZACHEU MOREIRA DA FRAGA,CACHOEIRO DE ITAPEMIRIM,SRE CACHOEIRO DE ITAPEMIRIM,56.140350877192986,54.82636575616256,-1.31,32053860,-20.7633816,-41.0595082
32054092,EEEFM JOAO BLEY,CASTELO,SRE CACHOEIRO DE ITAPEMIRIM,61.880148971227044,58.70689655172414,-3.17,32054092,-20.6104901,-41.2028224
32055510,EEEFM JERONIMO MONTEIRO,JERONIMO MONTEIRO,SRE CACHOEIRO DE ITAPEMIRIM,41.23271889400922,53.01288936627283,11.78,32055510,-20.7907466,-41.3946291
32055820,CEEFMTI ANTONIO ACHA,MIMOSO DO SUL,SRE CACHOEIRO DE ITAPEMIRIM,44.327380952380956,43.026315789473685,-1.3,32055820,-21.0644792,-41.3681327
32055838,EEEFM MONSENHOR ELIAS TOMASI,MIMOSO DO SUL,SRE CACHOEIRO DE ITAPEMIRIM,42.22424146649811,65.16731507928691,22.94,32055838,-21.0597569,-41.3581031
32057504,CEEFMTI SENADOR DIRCEU CARDOSO,MUQUI,SRE CACHOEIRO DE ITAPEMIRIM,47.266666666666666,64.30434782608695,17.04,32057504,-20.946975,-41.3363756
32058268,EEEFM MERCES GARCIA VIEIRA,SAO JOSE DO CALCADO,SRE COMENDADORA JUREMA MORETZ SOHN,53.54678068410463,49.98411753027595,-3.56,32058268,-21.0250382,-41.6564974
32058918,EEEFM PRESIDENTE LUEBKE,VARGEM ALTA,SRE CACHOEIRO DE ITAPEMIRIM,49.35945945945946,55.48611111111111,6.13,32058918,-20.6723343,-41.0108486
32059310,EEEFM AGOSTINHO AGRIZZI,VARGEM ALTA,SRE CACHOEIRO DE ITAPEMIRIM,61.53508771929825,65.5,3.96,32059310,-20.7031778,-41.0158501
32059850,EEEFM DOMINGOS JOSE MARTINS,MARATAIZES,SRE CACHOEIRO DE ITAPEMIRIM,45.6419290905087,49.920634920634924,4.28,32059850,-21.02000667,-40.814055
32059868,EEEM PROF JOSE VEIGA DA SILVA,MARATAIZES,SRE CACHOEIRO DE ITAPEMIRIM,56.919322188846806,59.75670086371193,2.84,32059868,-21.05656881,-40.85827053
32059906,EEEFM LEOPOLDINO ROCHA,ITAPEMIRIM,SRE CACHOEIRO DE ITAPEMIRIM,45.875412877245374,60.68163289075239,14.81,32059906,-20.89109444,-40.78265332
32059965,CEEFMTI WASHINGTON PINHEIRO MEIRELLES,ITAPEMIRIM,SRE CACHOEIRO DE ITAPEMIRIM,52.661745549283545,48.486842105263165,-4.17,32059965,-21.0100506,-40.8281957
32060696,EEEFM ANTONIO JACQUES SOARES,ITAPEMIRIM,SRE CACHOEIRO DE ITAPEMIRIM,47.950819672131146,47.361111111111114,-0.59,32060696,-20.99013575,-41.0033133
32060920,EEEFM PRESIDENTE KENNEDY,PRESIDENTE KENNEDY,SRE CACHOEIRO DE ITAPEMIRIM,44.17568542568543,50.60283687943263,6.43,32060920,-21.10184432,-41.04508566
32061943,EEEFM PROFESSORA MARIA DA PAZ PIMENTEL,FUNDAO,SRE CARAPINA,42.55555555555556,62.629411764705885,20.07,32061943,-20.0016775,-40.4104581
32062648,EEEM PROFESSOR AGENOR RORIS,VILA VELHA,SRE VILA VELHA,48.66368125362155,54.93691154695052,6.27,32062648,-20.3716777,-40.3084554
32063199,EEEFM ELZA LEMOS ANDREATTA,VITORIA,SRE CARAPINA,38.56730769230769,41.42016411084208,2.85,32063199,-20.2765856,-40.3353965
32065027,EEEM AUGUSTO RUSCHI,VIANA,SRE CARIACICA,36.365570051049346,39.67169762641899,3.31,32065027,-20.360265,-40.4461417
32065051,EEEM IRMA DULCE LOPES PONTE,VIANA,SRE CARIACICA,41.75069195929322,48.55364090141672,6.8,32065051,-20.347486,-40.4243298
32065264,EEEFM FRANCISCA PEIXOTO MIGUEL,SERRA,SRE CARAPINA,46.52620789007092,44.97829759279246,-1.55,32065264,-20.1377916,-40.2482176
32065370,EEEFM PROF MARIA OLINDA DE OLIVEIRA MENEZES,SERRA,SRE CARAPINA,55.04220085470085,44.93753074274471,-10.1,32065370,-20.22064055,-40.22764362
32066333,EEEFM ZUMBI DOS PALMARES - SERRA,SERRA,SRE CARAPINA,48.62729599518217,50.2437423980539,1.62,32066333,-20.2133609,-40.2186142
32073330,EEEFM MISAEL PINTO NETTO,ARACRUZ,SRE LINHARES,45.93582887700535,52.56587939760371,6.63,32073330,-19.820705,-40.27461
32073445,EEEFM NEA SALLES NUNES PEREIRA,CARIACICA,SRE CARIACICA,52.13414634146341,47.45796783625731,-4.68,32073445,-20.3585389,-40.3733934
32074425,EEEFM ANTONIO JOSE PEIXOTO MIGUEL,SERRA,SRE CARAPINA,45.121330492424235,44.76366487455197,-0.36,32074425,-20.0570696,-40.204429
32075936,EEEFM PROFESSORA ANTONIETA BANHOS FERNANDES,LINHARES,SRE LINHARES,49.5855795148248,53.048809523809524,3.46,32075936,-19.3951751,-40.0396477
32076410,EEEFM DR JOSE MOYSES,CARIACICA,SRE CARIACICA,34.44179600886918,46.725083815909784,12.28,32076410,-20.3666738,-40.3740524
32078170,EEEFM GUILHERME MILANEZE,VARGEM ALTA,SRE CACHOEIRO DE ITAPEMIRIM,56.083002645502646,67.64285714285714,11.56,32078170,-20.60500821,-41.02982787
32078315,EEEM SOBREIRO,LARANJA DA TERRA,SRE AFONSO CLAUDIO,46.111111111111114,64.31818181818181,18.21,32078315,-19.8250238,-41.1128581
32078536,EEEM MENINO JESUS,MUNIZ FREIRE,SRE COMENDADORA JUREMA MORETZ SOHN,47.77777777777778,43.11813186813187,-4.66,32078536,-20.4013719,-41.42751904
32078552,EEEFM ANTONIO SABATINI SIMONI,MIMOSO DO SUL,SRE CACHOEIRO DE ITAPEMIRIM,48.39705882352941,54.78823529411765,6.39,32078552,-20.97404435,-41.5089343
32078587,EEEFM SANTISSIMA TRINDADE,IUNA,SRE COMENDADORA JUREMA MORETZ SOHN,51.34483167377905,52.64227642276423,1.3,32078587,-20.3560363,-41.5314036
32078625,EEEFM GUILHERMINA HULDA KRUGER REINHOLZ,SANTA LEOPOLDINA,SRE CARIACICA,47.96875,30.852272727272727,-17.12,32078625,-20.1998267,-40.542923
32078650,EEEM DUNAS DE ITAUNAS,CONCEICAO DA BARRA,SRE SAO MATEUS,41.40873015873016,47.06666666666666,5.66,32078650,-18.4201912,-39.7094753
32078722,EEEFM WALLACE CASTELLO DUTRA,SAO MATEUS,SRE SAO MATEUS,49.97654826958106,52.37367057540224,2.4,32078722,-18.7321625,-39.757661
32079214,EEEM PROF MARIA CANDIDO KNEIPP,MUNIZ FREIRE,SRE COMENDADORA JUREMA MORETZ SOHN,51.916666666666664,52.41727941176471,0.5,32079214,-20.4964704,-41.3351532
32079230,EEEM MARIO GURGEL,VILA VELHA,SRE VILA VELHA,45.957955088389866,41.13582251082251,-4.82,32079230,-20.4443062,-40.3549008
32079338,EEEM PROF RENATO JOSE DA COSTA PACHECO,VITORIA,SRE CARAPINA,58.054366799932424,54.03151197676999,-4.02,32079338,-20.2468334,-40.2716817
32079389,EEEFM VIRGINIA NOVA,RIO NOVO DO SUL,SRE CACHOEIRO DE ITAPEMIRIM,61.60714285714286,59.54671857619577,-2.06,32079389,-20.7535096,-40.9684912
32079435,EEEM MARIA DALVA GAMA BERNABE,NOVA VENECIA,SRE NOVA VENECIA,39.785353535353536,51.15384615384615,11.37,32079435,-18.6980753,-40.3941349
32079451,EEEM ZEFERINO OLIOSI,NOVA VENECIA,SRE NOVA VENECIA,43.51190476190476,60.625,17.11,32079451,-18.7856196,-40.5778617
32079842,EEEFM CANDIDO PORTINARI,SOORETAMA,SRE LINHARES,45.767982456140345,47.788744588744585,2.02,32079842,-19.08864036,-40.13892943
32080727,EEEM MATA FRIA,AFONSO CLAUDIO,SRE AFONSO CLAUDIO,35.25,55.55555555555555,20.31,32080727,-20.08252451,-40.97769189
32080867,CEEMTI BAIXO GUANDU,BAIXO GUANDU,SRE COLATINA,54.19072463768116,53.38461538461539,-0.81,32080867,-19.5149532,-41.0049619
32081294,EEIEFM ALDEIA CAIEIRAS VELHA,ARACRUZ,SRE LINHARES,42.438709677419354,48.06818181818181,5.63,32081294,-19.92059,-40.17521333
32081391,CEEFMTI SAO PEDRO DR AGESANDRO DA COSTA PEREIRA,VITORIA,SRE CARAPINA,39.422077922077925,46.04489164086687,6.62,32081391,-20.28277448,-40.33914118
32081618,CEEFMTI JOAQUIM BEATO,SERRA,SRE CARAPINA,33.05555555555556,55.34774985388661,22.29,32081618,-20.1336386,-40.2830477
32081634,CEEFMTI PASTOR OLIVEIRA DE ARAUJO,VILA VELHA,SRE VILA VELHA,34.871794871794876,42.323113207547166,7.45,32081634,-20.3545478,-40.3502642
32082223,CEEFMTI DR GETUNILDO PIMENTEL,SERRA,SRE CARAPINA,38.62068965517241,54.957664884135475,16.34,32082223,-20.21991983,-40.24676043
32082231,CEEMTI PAULO FREIRE,ANCHIETA,SRE VILA VELHA,62.534246575342465,68.25223632953397,5.72,32082231,-20.8053972,-40.6357604
32082274,EEEFM ILDA FERREIRA DA FONSECA MARTINS,SAO GABRIEL DA PALHA,SRE NOVA VENECIA,45.30952380952381,59.47658733091877,14.17,32082274,-19.01009069,-40.53970501
32082533,CEEFMTI ELISA PAIVA,CONCEICAO DO CASTELO,SRE AFONSO CLAUDIO,49.140625,55.079132823698046,5.94,32082533,-20.35709,-41.24476333
32083114,EECOR DE COLATINA,COLATINA,SRE COLATINA,61.93349753694581,59.6875,-2.25,32083114,-19.31012667,-40.68686
32094604,EEEM FRANCISCO GUILHERME,SANTA MARIA DE JETIBA,SRE AFONSO CLAUDIO,49.88636363636364,58.271780303030305,8.39,32094604,-20.1537706,-40.9451415
32096801,EEEFM AUGUSTO DE OLIVEIRA,CONCEICAO DA BARRA,SRE SAO MATEUS,37.65625,47.547149122807014,9.89,32096801,-18.4344743,-39.9306313
32134010,EEEFM VILA NOVA DE COLARES,SERRA,SRE CARAPINA,41.90276635129576,39.20992558097065,-2.69,32134010,-20.1782262,-40.2128266
